COUNTY,YEAR,MONTH,VCI3M
Kajiado,2001,1,
Kajiado,2001,2,
Kajiado,2001,3,68.99
Kajiado,2001,4,66.21
Kajiado,2001,5,59.77
Kajiado,2001,6,56.56
Kajiado,2001,7,44.85
Kajiado,2001,8,42.62
Kajiado,2001,9,43.1
Kajiado,2001,10,44.54
Kajiado,2001,11,42.14
Kajiado,2001,12,50.86
Kajiado,2002,1,43.32
Kajiado,2002,2,48.19
Kajiado,2002,3,50.64
Kajiado,2002,4,57.83
Kajiado,2002,5,54.17
Kajiado,2002,6,60.64
Kajiado,2002,7,51.06
Kajiado,2002,8,45.07
Kajiado,2002,9,49.41
Kajiado,2002,10,49.07
Kajiado,2002,11,41.6
Kajiado,2002,12,46.82
Kajiado,2003,1,63.53
Kajiado,2003,2,71.47
Kajiado,2003,3,53.85
Kajiado,2003,4,38.4
Kajiado,2003,5,37.34
Kajiado,2003,6,69.19
Kajiado,2003,7,80.36
Kajiado,2003,8,75.93
Kajiado,2003,9,70.34
Kajiado,2003,10,65.95
Kajiado,2003,11,50.42
Kajiado,2003,12,32.93
Kajiado,2004,1,24.5
Kajiado,2004,2,30.01
Kajiado,2004,3,44.8
Kajiado,2004,4,48.47
Kajiado,2004,5,58.23
Kajiado,2004,6,52.04
Kajiado,2004,7,39.74
Kajiado,2004,8,32.52
Kajiado,2004,9,34.21
Kajiado,2004,10,38.63
Kajiado,2004,11,29.59
Kajiado,2004,12,24.23
Kajiado,2005,1,23.91
Kajiado,2005,2,26.21
Kajiado,2005,3,26.22
Kajiado,2005,4,34.21
Kajiado,2005,5,48.44
Kajiado,2005,6,50.7
Kajiado,2005,7,41.01
Kajiado,2005,8,34.77
Kajiado,2005,9,31.73
Kajiado,2005,10,26.89
Kajiado,2005,11,23.33
Kajiado,2005,12,18.93
Kajiado,2006,1,10.14
Kajiado,2006,2,6.55
Kajiado,2006,3,10.38
Kajiado,2006,4,37.41
Kajiado,2006,5,72.43
Kajiado,2006,6,70.17
Kajiado,2006,7,45.65
Kajiado,2006,8,42.34
Kajiado,2006,9,43.3
Kajiado,2006,10,44.84
Kajiado,2006,11,41.74
Kajiado,2006,12,58.32
Kajiado,2007,1,83.63
Kajiado,2007,2,90.42
Kajiado,2007,3,84.68
Kajiado,2007,4,61.72
Kajiado,2007,5,53.65
Kajiado,2007,6,48.76
Kajiado,2007,7,38.89
Kajiado,2007,8,41.09
Kajiado,2007,9,47.79
Kajiado,2007,10,54.44
Kajiado,2007,11,42.23
Kajiado,2007,12,29.08
Kajiado,2008,1,27.83
Kajiado,2008,2,30.76
Kajiado,2008,3,34.2
Kajiado,2008,4,49.13
Kajiado,2008,5,57.47
Kajiado,2008,6,39.84
Kajiado,2008,7,24.29
Kajiado,2008,8,21.02
Kajiado,2008,9,28.48
Kajiado,2008,10,33.4
Kajiado,2008,11,33.52
Kajiado,2008,12,38.09
Kajiado,2009,1,25.87
Kajiado,2009,2,16.95
Kajiado,2009,3,10.21
Kajiado,2009,4,6.64
Kajiado,2009,5,6.86
Kajiado,2009,6,11.6
Kajiado,2009,7,13.12
Kajiado,2009,8,11.06
Kajiado,2009,9,8.62
Kajiado,2009,10,7.11
Kajiado,2009,11,12.17
Kajiado,2009,12,18.87
Kajiado,2010,1,32.18
Kajiado,2010,2,51.17
Kajiado,2010,3,67.85
Kajiado,2010,4,77.34
Kajiado,2010,5,74.84
Kajiado,2010,6,61.23
Kajiado,2010,7,47.17
Kajiado,2010,8,43.86
Kajiado,2010,9,44.72
Kajiado,2010,10,44.81
Kajiado,2010,11,40.25
Kajiado,2010,12,41.09
Kajiado,2011,1,40.54
Kajiado,2011,2,28.42
Kajiado,2011,3,37.98
Kajiado,2011,4,50.02
Kajiado,2011,5,46.29
Kajiado,2011,6,34.27
Kajiado,2011,7,21.28
Kajiado,2011,8,19.37
Kajiado,2011,9,25.51
Kajiado,2011,10,34.25
Kajiado,2011,11,40.83
Kajiado,2011,12,58.99
Kajiado,2012,1,58.88
Kajiado,2012,2,37.61
Kajiado,2012,3,22.83
Kajiado,2012,4,21.81
Kajiado,2012,5,44.85
Kajiado,2012,6,68.19
Kajiado,2012,7,68.1
Kajiado,2012,8,66.06
Kajiado,2012,9,65.98
Kajiado,2012,10,57.4
Kajiado,2012,11,54.9
Kajiado,2012,12,50.36
Kajiado,2013,1,52.11
Kajiado,2013,2,51.96
Kajiado,2013,3,44.66
Kajiado,2013,4,50.21
Kajiado,2013,5,70.94
Kajiado,2013,6,73.42
Kajiado,2013,7,52.23
Kajiado,2013,8,49.98
Kajiado,2013,9,57.34
Kajiado,2013,10,60.71
Kajiado,2013,11,46.14
Kajiado,2013,12,38.85
Kajiado,2014,1,55.95
Kajiado,2014,2,52.19
Kajiado,2014,3,65.29
Kajiado,2014,4,67.43
Kajiado,2014,5,53.88
Kajiado,2014,6,28.93
Kajiado,2014,7,20.9
Kajiado,2014,8,24.56
Kajiado,2014,9,33.26
Kajiado,2014,10,49.84
Kajiado,2014,11,49.24
Kajiado,2014,12,35.03
Kajiado,2015,1,34.9
Kajiado,2015,2,27.8
Kajiado,2015,3,21.43
Kajiado,2015,4,16.77
Kajiado,2015,5,25.78
Kajiado,2015,6,41.38
Kajiado,2015,7,42.53
Kajiado,2015,8,36.5
Kajiado,2015,9,32.86
Kajiado,2015,10,25.34
Kajiado,2015,11,26.64
Kajiado,2015,12,46.51
Kajiado,2016,1,67.08
Kajiado,2016,2,70.27
Kajiado,2016,3,64.4
Kajiado,2016,4,54.28
Kajiado,2016,5,52.78
Kajiado,2016,6,53.54
Kajiado,2016,7,39.65
Kajiado,2016,8,34.34
Kajiado,2016,9,36.23
Kajiado,2016,10,37.21
Kajiado,2016,11,29.92
Kajiado,2016,12,32.93
Kajiado,2017,1,31.46
Kajiado,2017,2,23.86
Kajiado,2017,3,17.88
Kajiado,2017,4,16.07
Kajiado,2017,5,21.27
Kajiado,2017,6,24.96
Kajiado,2017,7,22.14
Kajiado,2017,8,22.18
Kajiado,2017,9,24.86
Kajiado,2017,10,23.09
Kajiado,2017,11,23.61
Kajiado,2017,12,25.28
Kajiado,2018,1,20.85
Kajiado,2018,2,15.75
Kajiado,2018,3,18.24
Marsabit,2001,1,
Marsabit,2001,2,
Marsabit,2001,3,33.78
Marsabit,2001,4,39.65
Marsabit,2001,5,43.06
Marsabit,2001,6,45.99
Marsabit,2001,7,41.07
Marsabit,2001,8,40.01
Marsabit,2001,9,38.32
Marsabit,2001,10,38.97
Marsabit,2001,11,31.41
Marsabit,2001,12,25.26
Marsabit,2002,1,23.61
Marsabit,2002,2,23.78
Marsabit,2002,3,32.05
Marsabit,2002,4,35.2
Marsabit,2002,5,45.33
Marsabit,2002,6,54.58
Marsabit,2002,7,50.82
Marsabit,2002,8,46.67
Marsabit,2002,9,45.68
Marsabit,2002,10,44.96
Marsabit,2002,11,35.72
Marsabit,2002,12,24.21
Marsabit,2003,1,37.93
Marsabit,2003,2,45.95
Marsabit,2003,3,36.92
Marsabit,2003,4,24.45
Marsabit,2003,5,35.67
Marsabit,2003,6,66.18
Marsabit,2003,7,73.35
Marsabit,2003,8,65.08
Marsabit,2003,9,56
Marsabit,2003,10,53.24
Marsabit,2003,11,35.61
Marsabit,2003,12,24.02
Marsabit,2004,1,25.12
Marsabit,2004,2,32.05
Marsabit,2004,3,32.88
Marsabit,2004,4,26.23
Marsabit,2004,5,42.08
Marsabit,2004,6,41.71
Marsabit,2004,7,40.25
Marsabit,2004,8,34.78
Marsabit,2004,9,33.53
Marsabit,2004,10,34.77
Marsabit,2004,11,29.66
Marsabit,2004,12,36.64
Marsabit,2005,1,33.51
Marsabit,2005,2,28.13
Marsabit,2005,3,23.7
Marsabit,2005,4,21.22
Marsabit,2005,5,23.94
Marsabit,2005,6,29.57
Marsabit,2005,7,33.73
Marsabit,2005,8,31.34
Marsabit,2005,9,25.82
Marsabit,2005,10,24.86
Marsabit,2005,11,19.27
Marsabit,2005,12,11.68
Marsabit,2006,1,6.3
Marsabit,2006,2,7.08
Marsabit,2006,3,7.84
Marsabit,2006,4,17.11
Marsabit,2006,5,44.1
Marsabit,2006,6,39.04
Marsabit,2006,7,25.86
Marsabit,2006,8,30.85
Marsabit,2006,9,38.92
Marsabit,2006,10,40.46
Marsabit,2006,11,41.34
Marsabit,2006,12,51.56
Marsabit,2007,1,67.48
Marsabit,2007,2,67.85
Marsabit,2007,3,60.19
Marsabit,2007,4,42.96
Marsabit,2007,5,39.19
Marsabit,2007,6,33.09
Marsabit,2007,7,37.04
Marsabit,2007,8,53.77
Marsabit,2007,9,67.5
Marsabit,2007,10,67.24
Marsabit,2007,11,46.12
Marsabit,2007,12,28.25
Marsabit,2008,1,18.14
Marsabit,2008,2,23.03
Marsabit,2008,3,24.54
Marsabit,2008,4,26.65
Marsabit,2008,5,40.87
Marsabit,2008,6,37.97
Marsabit,2008,7,30.51
Marsabit,2008,8,27.29
Marsabit,2008,9,28.34
Marsabit,2008,10,30.18
Marsabit,2008,11,44.43
Marsabit,2008,12,48.44
Marsabit,2009,1,32.9
Marsabit,2009,2,24.29
Marsabit,2009,3,23.36
Marsabit,2009,4,19.45
Marsabit,2009,5,14.92
Marsabit,2009,6,11.98
Marsabit,2009,7,14.37
Marsabit,2009,8,10.55
Marsabit,2009,9,13.81
Marsabit,2009,10,13.23
Marsabit,2009,11,18.88
Marsabit,2009,12,17.41
Marsabit,2010,1,20.25
Marsabit,2010,2,31.45
Marsabit,2010,3,49.35
Marsabit,2010,4,64.35
Marsabit,2010,5,69.12
Marsabit,2010,6,46.46
Marsabit,2010,7,35.58
Marsabit,2010,8,36.89
Marsabit,2010,9,36.41
Marsabit,2010,10,34.06
Marsabit,2010,11,22.87
Marsabit,2010,12,12.22
Marsabit,2011,1,7.2
Marsabit,2011,2,8.47
Marsabit,2011,3,16.01
Marsabit,2011,4,14.1
Marsabit,2011,5,9.47
Marsabit,2011,6,6.49
Marsabit,2011,7,7.97
Marsabit,2011,8,11.55
Marsabit,2011,9,14.14
Marsabit,2011,10,20.21
Marsabit,2011,11,38.56
Marsabit,2011,12,64.15
Marsabit,2012,1,71.29
Marsabit,2012,2,53.41
Marsabit,2012,3,42.36
Marsabit,2012,4,29.04
Marsabit,2012,5,39.13
Marsabit,2012,6,38.93
Marsabit,2012,7,35.98
Marsabit,2012,8,38.49
Marsabit,2012,9,38.04
Marsabit,2012,10,33.3
Marsabit,2012,11,34.24
Marsabit,2012,12,29.15
Marsabit,2013,1,25.21
Marsabit,2013,2,23.49
Marsabit,2013,3,19.85
Marsabit,2013,4,38.95
Marsabit,2013,5,68.42
Marsabit,2013,6,62.51
Marsabit,2013,7,44.06
Marsabit,2013,8,49.51
Marsabit,2013,9,51.21
Marsabit,2013,10,48.24
Marsabit,2013,11,35.55
Marsabit,2013,12,34.24
Marsabit,2014,1,29.34
Marsabit,2014,2,21.56
Marsabit,2014,3,36.93
Marsabit,2014,4,56.14
Marsabit,2014,5,57.06
Marsabit,2014,6,33.36
Marsabit,2014,7,24.3
Marsabit,2014,8,27.45
Marsabit,2014,9,37.83
Marsabit,2014,10,48.57
Marsabit,2014,11,41.48
Marsabit,2014,12,26.48
Marsabit,2015,1,21.44
Marsabit,2015,2,16.05
Marsabit,2015,3,10.27
Marsabit,2015,4,11.44
Marsabit,2015,5,28.19
Marsabit,2015,6,34.84
Marsabit,2015,7,34.88
Marsabit,2015,8,28.04
Marsabit,2015,9,25.26
Marsabit,2015,10,24.28
Marsabit,2015,11,28.21
Marsabit,2015,12,30.81
Marsabit,2016,1,37.48
Marsabit,2016,2,30.77
Marsabit,2016,3,22.92
Marsabit,2016,4,19.39
Marsabit,2016,5,31.59
Marsabit,2016,6,39.21
Marsabit,2016,7,38.83
Marsabit,2016,8,45.22
Marsabit,2016,9,41.09
Marsabit,2016,10,34.45
Marsabit,2016,11,20.52
Marsabit,2016,12,13.73
Marsabit,2017,1,11.87
Marsabit,2017,2,11.07
Marsabit,2017,3,12.1
Marsabit,2017,4,10.14
Marsabit,2017,5,14.73
Marsabit,2017,6,19.05
Marsabit,2017,7,26.66
Marsabit,2017,8,31.08
Marsabit,2017,9,31.45
Marsabit,2017,10,32.29
Marsabit,2017,11,38.08
Marsabit,2017,12,37.37
Marsabit,2018,1,24.68
Marsabit,2018,2,14.58
Marsabit,2018,3,26.94
Samburu,2001,1,
Samburu,2001,2,
Samburu,2001,3,43.26
Samburu,2001,4,42.03
Samburu,2001,5,47.51
Samburu,2001,6,43.77
Samburu,2001,7,41.58
Samburu,2001,8,32.12
Samburu,2001,9,29.45
Samburu,2001,10,27.99
Samburu,2001,11,26.73
Samburu,2001,12,35.57
Samburu,2002,1,36.33
Samburu,2002,2,32.88
Samburu,2002,3,35.69
Samburu,2002,4,40.61
Samburu,2002,5,55.4
Samburu,2002,6,63.48
Samburu,2002,7,55.73
Samburu,2002,8,46.68
Samburu,2002,9,36.57
Samburu,2002,10,33.43
Samburu,2002,11,30.9
Samburu,2002,12,34.39
Samburu,2003,1,52.54
Samburu,2003,2,54.81
Samburu,2003,3,38.14
Samburu,2003,4,28.3
Samburu,2003,5,45.73
Samburu,2003,6,72.51
Samburu,2003,7,73.56
Samburu,2003,8,60.79
Samburu,2003,9,57.82
Samburu,2003,10,56.07
Samburu,2003,11,39.02
Samburu,2003,12,32.81
Samburu,2004,1,42.51
Samburu,2004,2,49.93
Samburu,2004,3,45.96
Samburu,2004,4,42.79
Samburu,2004,5,59.92
Samburu,2004,6,56.44
Samburu,2004,7,45.92
Samburu,2004,8,34.02
Samburu,2004,9,30.1
Samburu,2004,10,33.77
Samburu,2004,11,38.98
Samburu,2004,12,56.21
Samburu,2005,1,56.29
Samburu,2005,2,46.05
Samburu,2005,3,38
Samburu,2005,4,30.67
Samburu,2005,5,37.16
Samburu,2005,6,47.51
Samburu,2005,7,49.79
Samburu,2005,8,41.9
Samburu,2005,9,34.67
Samburu,2005,10,37.88
Samburu,2005,11,28.96
Samburu,2005,12,20.45
Samburu,2006,1,11.87
Samburu,2006,2,11.75
Samburu,2006,3,14.37
Samburu,2006,4,22.77
Samburu,2006,5,51.92
Samburu,2006,6,39.64
Samburu,2006,7,22.21
Samburu,2006,8,24.36
Samburu,2006,9,35.52
Samburu,2006,10,37.07
Samburu,2006,11,40.85
Samburu,2006,12,59.35
Samburu,2007,1,81.45
Samburu,2007,2,80.02
Samburu,2007,3,68.27
Samburu,2007,4,46.25
Samburu,2007,5,52.03
Samburu,2007,6,48.89
Samburu,2007,7,56.93
Samburu,2007,8,70.34
Samburu,2007,9,78.84
Samburu,2007,10,76.96
Samburu,2007,11,56.72
Samburu,2007,12,42.57
Samburu,2008,1,33.41
Samburu,2008,2,43.34
Samburu,2008,3,43.53
Samburu,2008,4,43.5
Samburu,2008,5,50.88
Samburu,2008,6,39.85
Samburu,2008,7,26.98
Samburu,2008,8,26.14
Samburu,2008,9,27.48
Samburu,2008,10,30.89
Samburu,2008,11,51.9
Samburu,2008,12,57.68
Samburu,2009,1,41.93
Samburu,2009,2,28.11
Samburu,2009,3,18.2
Samburu,2009,4,12.71
Samburu,2009,5,11.74
Samburu,2009,6,16.39
Samburu,2009,7,18.3
Samburu,2009,8,11.85
Samburu,2009,9,9.07
Samburu,2009,10,7.85
Samburu,2009,11,21.74
Samburu,2009,12,27.57
Samburu,2010,1,35.02
Samburu,2010,2,40.21
Samburu,2010,3,55.61
Samburu,2010,4,72.25
Samburu,2010,5,82.18
Samburu,2010,6,63.96
Samburu,2010,7,47.76
Samburu,2010,8,43.42
Samburu,2010,9,42.7
Samburu,2010,10,41.08
Samburu,2010,11,28.58
Samburu,2010,12,18.17
Samburu,2011,1,10.02
Samburu,2011,2,8.17
Samburu,2011,3,11.53
Samburu,2011,4,14.03
Samburu,2011,5,17.99
Samburu,2011,6,17.14
Samburu,2011,7,25.26
Samburu,2011,8,31.2
Samburu,2011,9,36.47
Samburu,2011,10,40.35
Samburu,2011,11,56.35
Samburu,2011,12,71.64
Samburu,2012,1,72.62
Samburu,2012,2,55.14
Samburu,2012,3,40.18
Samburu,2012,4,27.06
Samburu,2012,5,42.48
Samburu,2012,6,56.85
Samburu,2012,7,56.96
Samburu,2012,8,56.55
Samburu,2012,9,51.77
Samburu,2012,10,42.66
Samburu,2012,11,53.27
Samburu,2012,12,55.15
Samburu,2013,1,54.73
Samburu,2013,2,47.44
Samburu,2013,3,36.49
Samburu,2013,4,39.18
Samburu,2013,5,64.12
Samburu,2013,6,62.17
Samburu,2013,7,45.81
Samburu,2013,8,44.54
Samburu,2013,9,41.24
Samburu,2013,10,36.98
Samburu,2013,11,32.54
Samburu,2013,12,47.55
Samburu,2014,1,57.84
Samburu,2014,2,45.41
Samburu,2014,3,41.25
Samburu,2014,4,51.26
Samburu,2014,5,48.73
Samburu,2014,6,29.78
Samburu,2014,7,18.9
Samburu,2014,8,16.74
Samburu,2014,9,24.19
Samburu,2014,10,47.65
Samburu,2014,11,47.57
Samburu,2014,12,40.24
Samburu,2015,1,42.75
Samburu,2015,2,32.48
Samburu,2015,3,16.8
Samburu,2015,4,17.53
Samburu,2015,5,35.59
Samburu,2015,6,43.07
Samburu,2015,7,39.76
Samburu,2015,8,27.2
Samburu,2015,9,19.85
Samburu,2015,10,15.71
Samburu,2015,11,19.76
Samburu,2015,12,37.32
Samburu,2016,1,58.27
Samburu,2016,2,55.92
Samburu,2016,3,42.54
Samburu,2016,4,30.03
Samburu,2016,5,37.61
Samburu,2016,6,49.24
Samburu,2016,7,51.6
Samburu,2016,8,50.97
Samburu,2016,9,40.99
Samburu,2016,10,29.24
Samburu,2016,11,17.17
Samburu,2016,12,15.81
Samburu,2017,1,19.45
Samburu,2017,2,15.44
Samburu,2017,3,11.5
Samburu,2017,4,7.36
Samburu,2017,5,15.71
Samburu,2017,6,24.3
Samburu,2017,7,29.92
Samburu,2017,8,28
Samburu,2017,9,26.77
Samburu,2017,10,27.31
Samburu,2017,11,46.36
Samburu,2017,12,51.19
Samburu,2018,1,36.11
Samburu,2018,2,14.58
Samburu,2018,3,26.94
Garissa,2001,1,
Garissa,2001,2,
Garissa,2001,3,41.27
Garissa,2001,4,44.77
Garissa,2001,5,47.21
Garissa,2001,6,52.68
Garissa,2001,7,50.8
Garissa,2001,8,47.3
Garissa,2001,9,44.17
Garissa,2001,10,40.51
Garissa,2001,11,33.32
Garissa,2001,12,43.16
Garissa,2002,1,49.23
Garissa,2002,2,44.12
Garissa,2002,3,45.03
Garissa,2002,4,41.88
Garissa,2002,5,58.28
Garissa,2002,6,79.57
Garissa,2002,7,77.76
Garissa,2002,8,70.97
Garissa,2002,9,63.86
Garissa,2002,10,63.7
Garissa,2002,11,60.16
Garissa,2002,12,59.92
Garissa,2003,1,60.05
Garissa,2003,2,49.48
Garissa,2003,3,44.03
Garissa,2003,4,34.95
Garissa,2003,5,39.54
Garissa,2003,6,58.49
Garissa,2003,7,68.08
Garissa,2003,8,67.94
Garissa,2003,9,57.74
Garissa,2003,10,47.94
Garissa,2003,11,42.67
Garissa,2003,12,52.31
Garissa,2004,1,56.89
Garissa,2004,2,50.63
Garissa,2004,3,39.49
Garissa,2004,4,27.89
Garissa,2004,5,32.79
Garissa,2004,6,31.89
Garissa,2004,7,44.01
Garissa,2004,8,54.57
Garissa,2004,9,52.94
Garissa,2004,10,44.49
Garissa,2004,11,33.17
Garissa,2004,12,37.9
Garissa,2005,1,42.32
Garissa,2005,2,35.15
Garissa,2005,3,27.94
Garissa,2005,4,22.18
Garissa,2005,5,32.27
Garissa,2005,6,38.84
Garissa,2005,7,39.9
Garissa,2005,8,47.45
Garissa,2005,9,51.1
Garissa,2005,10,41.47
Garissa,2005,11,25.13
Garissa,2005,12,21.37
Garissa,2006,1,21.6
Garissa,2006,2,19.41
Garissa,2006,3,15.16
Garissa,2006,4,19.14
Garissa,2006,5,33.32
Garissa,2006,6,36.35
Garissa,2006,7,33.23
Garissa,2006,8,31.26
Garissa,2006,9,31.06
Garissa,2006,10,31.4
Garissa,2006,11,44.04
Garissa,2006,12,63.5
Garissa,2007,1,82.26
Garissa,2007,2,84.75
Garissa,2007,3,79.91
Garissa,2007,4,57.98
Garissa,2007,5,49.75
Garissa,2007,6,53.38
Garissa,2007,7,60.85
Garissa,2007,8,56.19
Garissa,2007,9,62.9
Garissa,2007,10,72.02
Garissa,2007,11,63.62
Garissa,2007,12,52.77
Garissa,2008,1,51.47
Garissa,2008,2,56.94
Garissa,2008,3,48.7
Garissa,2008,4,45.83
Garissa,2008,5,59.76
Garissa,2008,6,63.66
Garissa,2008,7,56.46
Garissa,2008,8,46.53
Garissa,2008,9,47.86
Garissa,2008,10,43.58
Garissa,2008,11,33.55
Garissa,2008,12,37.74
Garissa,2009,1,34.6
Garissa,2009,2,29.29
Garissa,2009,3,28.36
Garissa,2009,4,22.79
Garissa,2009,5,29.84
Garissa,2009,6,37.53
Garissa,2009,7,41.73
Garissa,2009,8,33.16
Garissa,2009,9,27.6
Garissa,2009,10,23.33
Garissa,2009,11,40.19
Garissa,2009,12,44.18
Garissa,2010,1,44.25
Garissa,2010,2,33.15
Garissa,2010,3,37.82
Garissa,2010,4,58.06
Garissa,2010,5,76.17
Garissa,2010,6,61.8
Garissa,2010,7,49.36
Garissa,2010,8,46.21
Garissa,2010,9,46.72
Garissa,2010,10,40.3
Garissa,2010,11,23.21
Garissa,2010,12,19.89
Garissa,2011,1,15.62
Garissa,2011,2,11.43
Garissa,2011,3,8.4
Garissa,2011,4,8.31
Garissa,2011,5,23.56
Garissa,2011,6,27.87
Garissa,2011,7,23.85
Garissa,2011,8,21.69
Garissa,2011,9,21.8
Garissa,2011,10,29.56
Garissa,2011,11,50.76
Garissa,2011,12,68.73
Garissa,2012,1,67.54
Garissa,2012,2,55.87
Garissa,2012,3,47.9
Garissa,2012,4,33.9
Garissa,2012,5,26.97
Garissa,2012,6,23.08
Garissa,2012,7,26.78
Garissa,2012,8,32.96
Garissa,2012,9,36.65
Garissa,2012,10,31.01
Garissa,2012,11,29.52
Garissa,2012,12,32.23
Garissa,2013,1,40.88
Garissa,2013,2,35.56
Garissa,2013,3,27.53
Garissa,2013,4,42.07
Garissa,2013,5,63.47
Garissa,2013,6,61.27
Garissa,2013,7,53.19
Garissa,2013,8,48.19
Garissa,2013,9,40.2
Garissa,2013,10,31.86
Garissa,2013,11,22.5
Garissa,2013,12,27.41
Garissa,2014,1,34.57
Garissa,2014,2,29.51
Garissa,2014,3,23.86
Garissa,2014,4,34.25
Garissa,2014,5,47.23
Garissa,2014,6,46.11
Garissa,2014,7,40.34
Garissa,2014,8,31.88
Garissa,2014,9,29.61
Garissa,2014,10,30.13
Garissa,2014,11,27.34
Garissa,2014,12,33.12
Garissa,2015,1,32.98
Garissa,2015,2,23.86
Garissa,2015,3,15.66
Garissa,2015,4,28.52
Garissa,2015,5,55.47
Garissa,2015,6,62.24
Garissa,2015,7,53.25
Garissa,2015,8,44.85
Garissa,2015,9,45.25
Garissa,2015,10,34.56
Garissa,2015,11,29.99
Garissa,2015,12,38.59
Garissa,2016,1,48.76
Garissa,2016,2,41.2
Garissa,2016,3,32.26
Garissa,2016,4,26.45
Garissa,2016,5,32.87
Garissa,2016,6,39.61
Garissa,2016,7,37.9
Garissa,2016,8,33.68
Garissa,2016,9,30.63
Garissa,2016,10,24.37
Garissa,2016,11,11.31
Garissa,2016,12,11.65
Garissa,2017,1,16.83
Garissa,2017,2,16.68
Garissa,2017,3,15.1
Garissa,2017,4,10.73
Garissa,2017,5,15.89
Garissa,2017,6,23.31
Garissa,2017,7,30.54
Garissa,2017,8,28.15
Garissa,2017,9,24.18
Garissa,2017,10,31.5
Garissa,2017,11,31.15
Garissa,2017,12,28.83
Garissa,2018,1,16.31
Garissa,2018,2,6.24
Garissa,2018,3,12.63
Isiolo,2001,1,
Isiolo,2001,2,
Isiolo,2001,3,31.67
Isiolo,2001,4,33.58
Isiolo,2001,5,41.46
Isiolo,2001,6,37.61
Isiolo,2001,7,40.81
Isiolo,2001,8,38.22
Isiolo,2001,9,38.57
Isiolo,2001,10,38.23
Isiolo,2001,11,28.8
Isiolo,2001,12,32.11
Isiolo,2002,1,36.43
Isiolo,2002,2,32.22
Isiolo,2002,3,37
Isiolo,2002,4,39.35
Isiolo,2002,5,55.72
Isiolo,2002,6,83.44
Isiolo,2002,7,80.7
Isiolo,2002,8,80.12
Isiolo,2002,9,90.1
Isiolo,2002,10,85.26
Isiolo,2002,11,59.03
Isiolo,2002,12,41.48
Isiolo,2003,1,51.08
Isiolo,2003,2,45.31
Isiolo,2003,3,36.04
Isiolo,2003,4,26.47
Isiolo,2003,5,47.44
Isiolo,2003,6,68.05
Isiolo,2003,7,72.13
Isiolo,2003,8,74.15
Isiolo,2003,9,78.2
Isiolo,2003,10,73.63
Isiolo,2003,11,45.42
Isiolo,2003,12,31.01
Isiolo,2004,1,37.01
Isiolo,2004,2,47.77
Isiolo,2004,3,48.06
Isiolo,2004,4,43.74
Isiolo,2004,5,43.96
Isiolo,2004,6,32.61
Isiolo,2004,7,32.51
Isiolo,2004,8,32.23
Isiolo,2004,9,35.64
Isiolo,2004,10,34.92
Isiolo,2004,11,29.58
Isiolo,2004,12,38.61
Isiolo,2005,1,42.4
Isiolo,2005,2,33.63
Isiolo,2005,3,26.37
Isiolo,2005,4,21.54
Isiolo,2005,5,34.26
Isiolo,2005,6,46.13
Isiolo,2005,7,52.11
Isiolo,2005,8,52.71
Isiolo,2005,9,50.27
Isiolo,2005,10,46.39
Isiolo,2005,11,26.98
Isiolo,2005,12,14.48
Isiolo,2006,1,9.34
Isiolo,2006,2,11.16
Isiolo,2006,3,12.36
Isiolo,2006,4,18.85
Isiolo,2006,5,48.12
Isiolo,2006,6,39.66
Isiolo,2006,7,27.55
Isiolo,2006,8,31.51
Isiolo,2006,9,36.56
Isiolo,2006,10,38.6
Isiolo,2006,11,43.06
Isiolo,2006,12,65.26
Isiolo,2007,1,81.75
Isiolo,2007,2,77.03
Isiolo,2007,3,70.05
Isiolo,2007,4,54.2
Isiolo,2007,5,47.72
Isiolo,2007,6,34.96
Isiolo,2007,7,39.33
Isiolo,2007,8,46.54
Isiolo,2007,9,56.49
Isiolo,2007,10,57.32
Isiolo,2007,11,34.74
Isiolo,2007,12,22.89
Isiolo,2008,1,20.34
Isiolo,2008,2,34.29
Isiolo,2008,3,38.27
Isiolo,2008,4,27.36
Isiolo,2008,5,43.28
Isiolo,2008,6,45.78
Isiolo,2008,7,40.72
Isiolo,2008,8,39.44
Isiolo,2008,9,43.14
Isiolo,2008,10,41.27
Isiolo,2008,11,33.66
Isiolo,2008,12,33.18
Isiolo,2009,1,25.03
Isiolo,2009,2,21.05
Isiolo,2009,3,17.84
Isiolo,2009,4,15
Isiolo,2009,5,18.42
Isiolo,2009,6,14.34
Isiolo,2009,7,14.49
Isiolo,2009,8,10.27
Isiolo,2009,9,14.62
Isiolo,2009,10,14.32
Isiolo,2009,11,20.41
Isiolo,2009,12,19.58
Isiolo,2010,1,21.23
Isiolo,2010,2,18.64
Isiolo,2010,3,27.02
Isiolo,2010,4,49.99
Isiolo,2010,5,58.31
Isiolo,2010,6,35.83
Isiolo,2010,7,27.15
Isiolo,2010,8,29.5
Isiolo,2010,9,32.46
Isiolo,2010,10,30.25
Isiolo,2010,11,16.85
Isiolo,2010,12,9.95
Isiolo,2011,1,6.09
Isiolo,2011,2,6.32
Isiolo,2011,3,6.48
Isiolo,2011,4,6.22
Isiolo,2011,5,5.32
Isiolo,2011,6,4.31
Isiolo,2011,7,7
Isiolo,2011,8,11.75
Isiolo,2011,9,16.88
Isiolo,2011,10,25.49
Isiolo,2011,11,46.8
Isiolo,2011,12,63.7
Isiolo,2012,1,63.62
Isiolo,2012,2,53.15
Isiolo,2012,3,48.86
Isiolo,2012,4,39.79
Isiolo,2012,5,36.42
Isiolo,2012,6,26.16
Isiolo,2012,7,27.19
Isiolo,2012,8,32.94
Isiolo,2012,9,37.64
Isiolo,2012,10,34.88
Isiolo,2012,11,25.21
Isiolo,2012,12,23.1
Isiolo,2013,1,27.85
Isiolo,2013,2,25.12
Isiolo,2013,3,16.06
Isiolo,2013,4,38.98
Isiolo,2013,5,65.79
Isiolo,2013,6,53.13
Isiolo,2013,7,34.78
Isiolo,2013,8,40.81
Isiolo,2013,9,43.68
Isiolo,2013,10,39.77
Isiolo,2013,11,26.16
Isiolo,2013,12,28.28
Isiolo,2014,1,30.21
Isiolo,2014,2,23.9
Isiolo,2014,3,26.59
Isiolo,2014,4,42.99
Isiolo,2014,5,48.24
Isiolo,2014,6,28.82
Isiolo,2014,7,19.74
Isiolo,2014,8,16.35
Isiolo,2014,9,24.9
Isiolo,2014,10,27.71
Isiolo,2014,11,16.69
Isiolo,2014,12,19.04
Isiolo,2015,1,25.89
Isiolo,2015,2,21.09
Isiolo,2015,3,11.35
Isiolo,2015,4,16.6
Isiolo,2015,5,31.01
Isiolo,2015,6,24.93
Isiolo,2015,7,21.79
Isiolo,2015,8,16.37
Isiolo,2015,9,17.06
Isiolo,2015,10,16.15
Isiolo,2015,11,17.29
Isiolo,2015,12,26.29
Isiolo,2016,1,36.5
Isiolo,2016,2,31.84
Isiolo,2016,3,22.69
Isiolo,2016,4,15.95
Isiolo,2016,5,30.98
Isiolo,2016,6,45.08
Isiolo,2016,7,49.06
Isiolo,2016,8,53.26
Isiolo,2016,9,51.61
Isiolo,2016,10,43.02
Isiolo,2016,11,21.03
Isiolo,2016,12,17.63
Isiolo,2017,1,22.13
Isiolo,2017,2,18.32
Isiolo,2017,3,15.84
Isiolo,2017,4,11.59
Isiolo,2017,5,11.3
Isiolo,2017,6,10.72
Isiolo,2017,7,15.33
Isiolo,2017,8,14.88
Isiolo,2017,9,16.44
Isiolo,2017,10,13.63
Isiolo,2017,11,12.63
Isiolo,2017,12,12.26
Isiolo,2018,1,9.03
Isiolo,2018,2,3.99
Isiolo,2018,3,14.92
Kitui,2001,1,
Kitui,2001,2,
Kitui,2001,3,58.86
Kitui,2001,4,47.19
Kitui,2001,5,48.74
Kitui,2001,6,52.32
Kitui,2001,7,50.04
Kitui,2001,8,51.41
Kitui,2001,9,48.85
Kitui,2001,10,45.98
Kitui,2001,11,39.52
Kitui,2001,12,57.54
Kitui,2002,1,67.04
Kitui,2002,2,69.39
Kitui,2002,3,62.07
Kitui,2002,4,50.12
Kitui,2002,5,63.35
Kitui,2002,6,70.18
Kitui,2002,7,67.91
Kitui,2002,8,71.77
Kitui,2002,9,76.12
Kitui,2002,10,82.62
Kitui,2002,11,78.93
Kitui,2002,12,81.17
Kitui,2003,1,85.94
Kitui,2003,2,72.21
Kitui,2003,3,49.72
Kitui,2003,4,36.22
Kitui,2003,5,39.33
Kitui,2003,6,67.18
Kitui,2003,7,76.86
Kitui,2003,8,75.8
Kitui,2003,9,70.62
Kitui,2003,10,65.64
Kitui,2003,11,56.08
Kitui,2003,12,64.04
Kitui,2004,1,67.16
Kitui,2004,2,66.15
Kitui,2004,3,57.95
Kitui,2004,4,45.49
Kitui,2004,5,52.5
Kitui,2004,6,47.13
Kitui,2004,7,44.8
Kitui,2004,8,48.42
Kitui,2004,9,52.41
Kitui,2004,10,52.92
Kitui,2004,11,33.92
Kitui,2004,12,39.92
Kitui,2005,1,68.13
Kitui,2005,2,60.98
Kitui,2005,3,44.63
Kitui,2005,4,36.1
Kitui,2005,5,50.77
Kitui,2005,6,49.06
Kitui,2005,7,41.62
Kitui,2005,8,44.44
Kitui,2005,9,46.71
Kitui,2005,10,47.28
Kitui,2005,11,30.02
Kitui,2005,12,27.96
Kitui,2006,1,27.01
Kitui,2006,2,21.35
Kitui,2006,3,14.85
Kitui,2006,4,23.16
Kitui,2006,5,48.42
Kitui,2006,6,51.53
Kitui,2006,7,40.54
Kitui,2006,8,39.94
Kitui,2006,9,37.66
Kitui,2006,10,37.61
Kitui,2006,11,40.68
Kitui,2006,12,60.39
Kitui,2007,1,83.51
Kitui,2007,2,86.85
Kitui,2007,3,79.17
Kitui,2007,4,54.5
Kitui,2007,5,46.79
Kitui,2007,6,45.66
Kitui,2007,7,47.94
Kitui,2007,8,55.25
Kitui,2007,9,58.75
Kitui,2007,10,63.12
Kitui,2007,11,41.89
Kitui,2007,12,50.67
Kitui,2008,1,58.8
Kitui,2008,2,62.22
Kitui,2008,3,48
Kitui,2008,4,48.86
Kitui,2008,5,57.09
Kitui,2008,6,52.25
Kitui,2008,7,45.25
Kitui,2008,8,39.45
Kitui,2008,9,45.78
Kitui,2008,10,49.42
Kitui,2008,11,39.98
Kitui,2008,12,46.59
Kitui,2009,1,36.42
Kitui,2009,2,27.97
Kitui,2009,3,19.29
Kitui,2009,4,12.4
Kitui,2009,5,12.19
Kitui,2009,6,13.24
Kitui,2009,7,15.52
Kitui,2009,8,14.29
Kitui,2009,9,15.29
Kitui,2009,10,14.59
Kitui,2009,11,36.17
Kitui,2009,12,50.14
Kitui,2010,1,56.97
Kitui,2010,2,46.54
Kitui,2010,3,44.42
Kitui,2010,4,66.18
Kitui,2010,5,85.63
Kitui,2010,6,65.5
Kitui,2010,7,53.46
Kitui,2010,8,55.55
Kitui,2010,9,61.3
Kitui,2010,10,64.39
Kitui,2010,11,44.48
Kitui,2010,12,44.24
Kitui,2011,1,33.86
Kitui,2011,2,19.52
Kitui,2011,3,22.82
Kitui,2011,4,22.98
Kitui,2011,5,20.85
Kitui,2011,6,15.21
Kitui,2011,7,13.29
Kitui,2011,8,17.2
Kitui,2011,9,22.52
Kitui,2011,10,28.58
Kitui,2011,11,41.16
Kitui,2011,12,62.37
Kitui,2012,1,64
Kitui,2012,2,45.84
Kitui,2012,3,28.5
Kitui,2012,4,17.32
Kitui,2012,5,30.54
Kitui,2012,6,36.27
Kitui,2012,7,33.24
Kitui,2012,8,36.7
Kitui,2012,9,36.8
Kitui,2012,10,33.07
Kitui,2012,11,23.75
Kitui,2012,12,31.95
Kitui,2013,1,51.53
Kitui,2013,2,49.76
Kitui,2013,3,32.07
Kitui,2013,4,38.49
Kitui,2013,5,59.58
Kitui,2013,6,56.97
Kitui,2013,7,44.93
Kitui,2013,8,49.11
Kitui,2013,9,50.79
Kitui,2013,10,49.05
Kitui,2013,11,34.03
Kitui,2013,12,35.23
Kitui,2014,1,54.96
Kitui,2014,2,47.76
Kitui,2014,3,37.24
Kitui,2014,4,45.54
Kitui,2014,5,56.19
Kitui,2014,6,45.1
Kitui,2014,7,37.13
Kitui,2014,8,33.97
Kitui,2014,9,39.62
Kitui,2014,10,41.26
Kitui,2014,11,26.98
Kitui,2014,12,41.82
Kitui,2015,1,51.86
Kitui,2015,2,39.36
Kitui,2015,3,19.43
Kitui,2015,4,20.76
Kitui,2015,5,40.67
Kitui,2015,6,56.35
Kitui,2015,7,54.49
Kitui,2015,8,48.85
Kitui,2015,9,43.93
Kitui,2015,10,35.78
Kitui,2015,11,25.7
Kitui,2015,12,40.32
Kitui,2016,1,62.3
Kitui,2016,2,58.72
Kitui,2016,3,42.86
Kitui,2016,4,32.94
Kitui,2016,5,37.44
Kitui,2016,6,40.79
Kitui,2016,7,31.61
Kitui,2016,8,39.84
Kitui,2016,9,42.33
Kitui,2016,10,41.51
Kitui,2016,11,23.9
Kitui,2016,12,26.35
Kitui,2017,1,36.8
Kitui,2017,2,27.48
Kitui,2017,3,15.04
Kitui,2017,4,9.72
Kitui,2017,5,25.39
Kitui,2017,6,34.95
Kitui,2017,7,39.87
Kitui,2017,8,39.79
Kitui,2017,9,37.75
Kitui,2017,10,24.34
Kitui,2017,11,20.62
Kitui,2017,12,27.08
Kitui,2018,1,21.76
Kitui,2018,2,10.01
Kitui,2018,3,13.18
Tharaka-Nithi,2001,1,
Tharaka-Nithi,2001,2,
Tharaka-Nithi,2001,3,59.7
Tharaka-Nithi,2001,4,53.15
Tharaka-Nithi,2001,5,57.98
Tharaka-Nithi,2001,6,61.6
Tharaka-Nithi,2001,7,52.31
Tharaka-Nithi,2001,8,41.21
Tharaka-Nithi,2001,9,39.72
Tharaka-Nithi,2001,10,36.83
Tharaka-Nithi,2001,11,27.54
Tharaka-Nithi,2001,12,41.09
Tharaka-Nithi,2002,1,60.36
Tharaka-Nithi,2002,2,64.52
Tharaka-Nithi,2002,3,59.56
Tharaka-Nithi,2002,4,55.46
Tharaka-Nithi,2002,5,78.65
Tharaka-Nithi,2002,6,82.76
Tharaka-Nithi,2002,7,73.5
Tharaka-Nithi,2002,8,79.25
Tharaka-Nithi,2002,9,90.18
Tharaka-Nithi,2002,10,80
Tharaka-Nithi,2002,11,59.72
Tharaka-Nithi,2002,12,60.42
Tharaka-Nithi,2003,1,73.86
Tharaka-Nithi,2003,2,67.78
Tharaka-Nithi,2003,3,46.59
Tharaka-Nithi,2003,4,40.72
Tharaka-Nithi,2003,5,44.13
Tharaka-Nithi,2003,6,69.74
Tharaka-Nithi,2003,7,75.65
Tharaka-Nithi,2003,8,74.72
Tharaka-Nithi,2003,9,72.48
Tharaka-Nithi,2003,10,64.22
Tharaka-Nithi,2003,11,57.14
Tharaka-Nithi,2003,12,66.85
Tharaka-Nithi,2004,1,78.99
Tharaka-Nithi,2004,2,84.04
Tharaka-Nithi,2004,3,74.55
Tharaka-Nithi,2004,4,61.38
Tharaka-Nithi,2004,5,64.23
Tharaka-Nithi,2004,6,61.13
Tharaka-Nithi,2004,7,58.22
Tharaka-Nithi,2004,8,53.63
Tharaka-Nithi,2004,9,52.24
Tharaka-Nithi,2004,10,49.42
Tharaka-Nithi,2004,11,39.12
Tharaka-Nithi,2004,12,54.14
Tharaka-Nithi,2005,1,74.09
Tharaka-Nithi,2005,2,59.1
Tharaka-Nithi,2005,3,46.4
Tharaka-Nithi,2005,4,49.83
Tharaka-Nithi,2005,5,58.19
Tharaka-Nithi,2005,6,69.84
Tharaka-Nithi,2005,7,73.68
Tharaka-Nithi,2005,8,71.57
Tharaka-Nithi,2005,9,66.59
Tharaka-Nithi,2005,10,51.95
Tharaka-Nithi,2005,11,38.43
Tharaka-Nithi,2005,12,43.47
Tharaka-Nithi,2006,1,45.46
Tharaka-Nithi,2006,2,39.65
Tharaka-Nithi,2006,3,34.91
Tharaka-Nithi,2006,4,40.94
Tharaka-Nithi,2006,5,59.29
Tharaka-Nithi,2006,6,57.73
Tharaka-Nithi,2006,7,44.15
Tharaka-Nithi,2006,8,44.79
Tharaka-Nithi,2006,9,45.95
Tharaka-Nithi,2006,10,45
Tharaka-Nithi,2006,11,44.65
Tharaka-Nithi,2006,12,56.13
Tharaka-Nithi,2007,1,75.16
Tharaka-Nithi,2007,2,78.41
Tharaka-Nithi,2007,3,70.61
Tharaka-Nithi,2007,4,61.42
Tharaka-Nithi,2007,5,67.89
Tharaka-Nithi,2007,6,67.33
Tharaka-Nithi,2007,7,57.22
Tharaka-Nithi,2007,8,55.2
Tharaka-Nithi,2007,9,64.23
Tharaka-Nithi,2007,10,63.76
Tharaka-Nithi,2007,11,62.72
Tharaka-Nithi,2007,12,62.85
Tharaka-Nithi,2008,1,64.21
Tharaka-Nithi,2008,2,66.76
Tharaka-Nithi,2008,3,56.82
Tharaka-Nithi,2008,4,56.19
Tharaka-Nithi,2008,5,66.34
Tharaka-Nithi,2008,6,62.87
Tharaka-Nithi,2008,7,50.75
Tharaka-Nithi,2008,8,48.87
Tharaka-Nithi,2008,9,56.32
Tharaka-Nithi,2008,10,52.49
Tharaka-Nithi,2008,11,67.14
Tharaka-Nithi,2008,12,58.34
Tharaka-Nithi,2009,1,39.82
Tharaka-Nithi,2009,2,34.14
Tharaka-Nithi,2009,3,32.39
Tharaka-Nithi,2009,4,30.16
Tharaka-Nithi,2009,5,38.72
Tharaka-Nithi,2009,6,49.23
Tharaka-Nithi,2009,7,46.22
Tharaka-Nithi,2009,8,35.27
Tharaka-Nithi,2009,9,29.41
Tharaka-Nithi,2009,10,21.93
Tharaka-Nithi,2009,11,35.12
Tharaka-Nithi,2009,12,47.59
Tharaka-Nithi,2010,1,54.33
Tharaka-Nithi,2010,2,53.71
Tharaka-Nithi,2010,3,56.38
Tharaka-Nithi,2010,4,71.07
Tharaka-Nithi,2010,5,82.89
Tharaka-Nithi,2010,6,64.68
Tharaka-Nithi,2010,7,49.55
Tharaka-Nithi,2010,8,48.48
Tharaka-Nithi,2010,9,47.42
Tharaka-Nithi,2010,10,46.07
Tharaka-Nithi,2010,11,41
Tharaka-Nithi,2010,12,37.41
Tharaka-Nithi,2011,1,29.64
Tharaka-Nithi,2011,2,17.93
Tharaka-Nithi,2011,3,18.16
Tharaka-Nithi,2011,4,20.6
Tharaka-Nithi,2011,5,28.18
Tharaka-Nithi,2011,6,28.93
Tharaka-Nithi,2011,7,27.83
Tharaka-Nithi,2011,8,23.31
Tharaka-Nithi,2011,9,25.53
Tharaka-Nithi,2011,10,28.51
Tharaka-Nithi,2011,11,48.14
Tharaka-Nithi,2011,12,61.74
Tharaka-Nithi,2012,1,56.78
Tharaka-Nithi,2012,2,39.46
Tharaka-Nithi,2012,3,24.72
Tharaka-Nithi,2012,4,19.45
Tharaka-Nithi,2012,5,33.26
Tharaka-Nithi,2012,6,40.58
Tharaka-Nithi,2012,7,30.15
Tharaka-Nithi,2012,8,34.82
Tharaka-Nithi,2012,9,40.36
Tharaka-Nithi,2012,10,34.75
Tharaka-Nithi,2012,11,42.47
Tharaka-Nithi,2012,12,51.55
Tharaka-Nithi,2013,1,60.34
Tharaka-Nithi,2013,2,55.83
Tharaka-Nithi,2013,3,42.14
Tharaka-Nithi,2013,4,47.79
Tharaka-Nithi,2013,5,60.49
Tharaka-Nithi,2013,6,57.44
Tharaka-Nithi,2013,7,42.68
Tharaka-Nithi,2013,8,45.9
Tharaka-Nithi,2013,9,52.84
Tharaka-Nithi,2013,10,48.27
Tharaka-Nithi,2013,11,29.5
Tharaka-Nithi,2013,12,25.36
Tharaka-Nithi,2014,1,42.79
Tharaka-Nithi,2014,2,39.06
Tharaka-Nithi,2014,3,28.55
Tharaka-Nithi,2014,4,37.83
Tharaka-Nithi,2014,5,45.01
Tharaka-Nithi,2014,6,29.55
Tharaka-Nithi,2014,7,23.42
Tharaka-Nithi,2014,8,24.06
Tharaka-Nithi,2014,9,24.03
Tharaka-Nithi,2014,10,34.01
Tharaka-Nithi,2014,11,30.19
Tharaka-Nithi,2014,12,32.67
Tharaka-Nithi,2015,1,38.83
Tharaka-Nithi,2015,2,28.53
Tharaka-Nithi,2015,3,12.74
Tharaka-Nithi,2015,4,26.99
Tharaka-Nithi,2015,5,52.82
Tharaka-Nithi,2015,6,55.33
Tharaka-Nithi,2015,7,50.39
Tharaka-Nithi,2015,8,45.75
Tharaka-Nithi,2015,9,43.54
Tharaka-Nithi,2015,10,35.36
Tharaka-Nithi,2015,11,34.63
Tharaka-Nithi,2015,12,40
Tharaka-Nithi,2016,1,56.04
Tharaka-Nithi,2016,2,58.24
Tharaka-Nithi,2016,3,51.24
Tharaka-Nithi,2016,4,44.93
Tharaka-Nithi,2016,5,45.48
Tharaka-Nithi,2016,6,50.63
Tharaka-Nithi,2016,7,49.93
Tharaka-Nithi,2016,8,60.76
Tharaka-Nithi,2016,9,63.84
Tharaka-Nithi,2016,10,54.09
Tharaka-Nithi,2016,11,31.95
Tharaka-Nithi,2016,12,24.11
Tharaka-Nithi,2017,1,37.99
Tharaka-Nithi,2017,2,30.31
Tharaka-Nithi,2017,3,22.05
Tharaka-Nithi,2017,4,20.7
Tharaka-Nithi,2017,5,36.6
Tharaka-Nithi,2017,6,46.62
Tharaka-Nithi,2017,7,45.89
Tharaka-Nithi,2017,8,37.93
Tharaka-Nithi,2017,9,37.47
Tharaka-Nithi,2017,10,31.09
Tharaka-Nithi,2017,11,39.58
Tharaka-Nithi,2017,12,43.48
Tharaka-Nithi,2018,1,35.27
Tharaka-Nithi,2018,2,21.06
Tharaka-Nithi,2018,3,20.64
NYERI,2001,1,
NYERI,2001,2,
NYERI,2001,3,62.78
NYERI,2001,4,61.32
NYERI,2001,5,61.12
NYERI,2001,6,64.48
NYERI,2001,7,56.23
NYERI,2001,8,55.77
NYERI,2001,9,57.99
NYERI,2001,10,53.91
NYERI,2001,11,45.75
NYERI,2001,12,53.85
NYERI,2002,1,62.86
NYERI,2002,2,61.25
NYERI,2002,3,58.78
NYERI,2002,4,58.6
NYERI,2002,5,60.33
NYERI,2002,6,67.94
NYERI,2002,7,63.91
NYERI,2002,8,62.33
NYERI,2002,9,58.03
NYERI,2002,10,52.52
NYERI,2002,11,49.51
NYERI,2002,12,53.63
NYERI,2003,1,60.79
NYERI,2003,2,65.77
NYERI,2003,3,59.88
NYERI,2003,4,48.79
NYERI,2003,5,42.12
NYERI,2003,6,62.45
NYERI,2003,7,72.69
NYERI,2003,8,74.5
NYERI,2003,9,69.44
NYERI,2003,10,67.5
NYERI,2003,11,59.16
NYERI,2003,12,58.39
NYERI,2004,1,66.47
NYERI,2004,2,70.75
NYERI,2004,3,69.91
NYERI,2004,4,60.39
NYERI,2004,5,60.8
NYERI,2004,6,57.8
NYERI,2004,7,58.03
NYERI,2004,8,56.53
NYERI,2004,9,50.52
NYERI,2004,10,44.54
NYERI,2004,11,35.13
NYERI,2004,12,47.94
NYERI,2005,1,67.95
NYERI,2005,2,55.35
NYERI,2005,3,41.3
NYERI,2005,4,42.41
NYERI,2005,5,47.78
NYERI,2005,6,61.85
NYERI,2005,7,62.85
NYERI,2005,8,52.51
NYERI,2005,9,56.67
NYERI,2005,10,56.7
NYERI,2005,11,55.96
NYERI,2005,12,49.5
NYERI,2006,1,37.47
NYERI,2006,2,30.79
NYERI,2006,3,29.23
NYERI,2006,4,46.27
NYERI,2006,5,61.51
NYERI,2006,6,66.1
NYERI,2006,7,56.58
NYERI,2006,8,60.98
NYERI,2006,9,63.03
NYERI,2006,10,59.39
NYERI,2006,11,55.8
NYERI,2006,12,64.69
NYERI,2007,1,74.2
NYERI,2007,2,78.59
NYERI,2007,3,75.24
NYERI,2007,4,67.19
NYERI,2007,5,63.95
NYERI,2007,6,64.11
NYERI,2007,7,62.42
NYERI,2007,8,73.87
NYERI,2007,9,78.67
NYERI,2007,10,79.59
NYERI,2007,11,74.11
NYERI,2007,12,66.79
NYERI,2008,1,58.97
NYERI,2008,2,57.74
NYERI,2008,3,53.64
NYERI,2008,4,54.88
NYERI,2008,5,58.7
NYERI,2008,6,55.42
NYERI,2008,7,45.49
NYERI,2008,8,43.67
NYERI,2008,9,41.3
NYERI,2008,10,47.5
NYERI,2008,11,60.95
NYERI,2008,12,59.8
NYERI,2009,1,51.95
NYERI,2009,2,46.64
NYERI,2009,3,42.55
NYERI,2009,4,39.13
NYERI,2009,5,35.48
NYERI,2009,6,38.99
NYERI,2009,7,42.34
NYERI,2009,8,40.15
NYERI,2009,9,31.75
NYERI,2009,10,20.73
NYERI,2009,11,30.62
NYERI,2009,12,42.49
NYERI,2010,1,54.86
NYERI,2010,2,63.56
NYERI,2010,3,74.32
NYERI,2010,4,74.45
NYERI,2010,5,83.87
NYERI,2010,6,78.08
NYERI,2010,7,64.48
NYERI,2010,8,66.22
NYERI,2010,9,59.92
NYERI,2010,10,55.67
NYERI,2010,11,51.83
NYERI,2010,12,56.16
NYERI,2011,1,52.33
NYERI,2011,2,43.99
NYERI,2011,3,39.4
NYERI,2011,4,40.64
NYERI,2011,5,49.97
NYERI,2011,6,50.95
NYERI,2011,7,55.45
NYERI,2011,8,54.71
NYERI,2011,9,58.79
NYERI,2011,10,63.9
NYERI,2011,11,73.11
NYERI,2011,12,73.01
NYERI,2012,1,63.85
NYERI,2012,2,47.19
NYERI,2012,3,34
NYERI,2012,4,26.98
NYERI,2012,5,33.67
NYERI,2012,6,47.76
NYERI,2012,7,55.67
NYERI,2012,8,66.97
NYERI,2012,9,73.83
NYERI,2012,10,75.65
NYERI,2012,11,71.93
NYERI,2012,12,67.57
NYERI,2013,1,66.7
NYERI,2013,2,63.41
NYERI,2013,3,58.5
NYERI,2013,4,47.47
NYERI,2013,5,58.61
NYERI,2013,6,69.11
NYERI,2013,7,57.51
NYERI,2013,8,60.17
NYERI,2013,9,63.51
NYERI,2013,10,65.62
NYERI,2013,11,60.43
NYERI,2013,12,55.16
NYERI,2014,1,57.43
NYERI,2014,2,53.98
NYERI,2014,3,64.16
NYERI,2014,4,69.3
NYERI,2014,5,65.44
NYERI,2014,6,61.16
NYERI,2014,7,57.04
NYERI,2014,8,54.74
NYERI,2014,9,44.99
NYERI,2014,10,60.52
NYERI,2014,11,65.17
NYERI,2014,12,54.77
NYERI,2015,1,53.95
NYERI,2015,2,45.15
NYERI,2015,3,41.31
NYERI,2015,4,39.68
NYERI,2015,5,51.29
NYERI,2015,6,62.94
NYERI,2015,7,69.88
NYERI,2015,8,66.06
NYERI,2015,9,57.82
NYERI,2015,10,46.99
NYERI,2015,11,40.85
NYERI,2015,12,44.09
NYERI,2016,1,60.04
NYERI,2016,2,73.58
NYERI,2016,3,76.83
NYERI,2016,4,77.08
NYERI,2016,5,70.38
NYERI,2016,6,65.23
NYERI,2016,7,55.46
NYERI,2016,8,56.53
NYERI,2016,9,59.63
NYERI,2016,10,53.69
NYERI,2016,11,49.05
NYERI,2016,12,42.21
NYERI,2017,1,40.45
NYERI,2017,2,29.45
NYERI,2017,3,31.96
NYERI,2017,4,33.67
NYERI,2017,5,37.64
NYERI,2017,6,46.61
NYERI,2017,7,55.47
NYERI,2017,8,52.41
NYERI,2017,9,52.86
NYERI,2017,10,61.03
NYERI,2017,11,61.72
NYERI,2017,12,62.66
NYERI,2018,1,55.52
NYERI,2018,2,45.77
NYERI,2018,3,37.56
NAROK,2001,1,
NAROK,2001,2,
NAROK,2001,3,77.35
NAROK,2001,4,77.34
NAROK,2001,5,68.72
NAROK,2001,6,68.08
NAROK,2001,7,57.78
NAROK,2001,8,58.6
NAROK,2001,9,58.9
NAROK,2001,10,60.64
NAROK,2001,11,62.3
NAROK,2001,12,62.63
NAROK,2002,1,53.78
NAROK,2002,2,59.3
NAROK,2002,3,62.75
NAROK,2002,4,72.07
NAROK,2002,5,58.12
NAROK,2002,6,64.11
NAROK,2002,7,62.56
NAROK,2002,8,62.16
NAROK,2002,9,53.68
NAROK,2002,10,40.22
NAROK,2002,11,35.59
NAROK,2002,12,50.46
NAROK,2003,1,67.99
NAROK,2003,2,77.02
NAROK,2003,3,65.13
NAROK,2003,4,50.66
NAROK,2003,5,46.08
NAROK,2003,6,70.81
NAROK,2003,7,81.78
NAROK,2003,8,77.92
NAROK,2003,9,73.65
NAROK,2003,10,71.14
NAROK,2003,11,61.62
NAROK,2003,12,40.76
NAROK,2004,1,34.05
NAROK,2004,2,41.71
NAROK,2004,3,56.59
NAROK,2004,4,64.45
NAROK,2004,5,71.61
NAROK,2004,6,69.96
NAROK,2004,7,61.26
NAROK,2004,8,47.29
NAROK,2004,9,45.25
NAROK,2004,10,51.98
NAROK,2004,11,44.2
NAROK,2004,12,46.48
NAROK,2005,1,54.06
NAROK,2005,2,55.36
NAROK,2005,3,52.37
NAROK,2005,4,58.05
NAROK,2005,5,61.3
NAROK,2005,6,65.71
NAROK,2005,7,62.6
NAROK,2005,8,59.05
NAROK,2005,9,61.65
NAROK,2005,10,53.23
NAROK,2005,11,45.31
NAROK,2005,12,31.77
NAROK,2006,1,14.96
NAROK,2006,2,11.34
NAROK,2006,3,16.62
NAROK,2006,4,42.45
NAROK,2006,5,73.47
NAROK,2006,6,73.58
NAROK,2006,7,51.71
NAROK,2006,8,50.97
NAROK,2006,9,50.13
NAROK,2006,10,43.72
NAROK,2006,11,32
NAROK,2006,12,44.43
NAROK,2007,1,76.08
NAROK,2007,2,89.9
NAROK,2007,3,92.3
NAROK,2007,4,80.81
NAROK,2007,5,69.31
NAROK,2007,6,62.13
NAROK,2007,7,67.82
NAROK,2007,8,71.47
NAROK,2007,9,73.2
NAROK,2007,10,69
NAROK,2007,11,56.87
NAROK,2007,12,39.3
NAROK,2008,1,43.46
NAROK,2008,2,49.2
NAROK,2008,3,55.15
NAROK,2008,4,63.09
NAROK,2008,5,63.01
NAROK,2008,6,45.78
NAROK,2008,7,31.69
NAROK,2008,8,31.91
NAROK,2008,9,38.23
NAROK,2008,10,46.8
NAROK,2008,11,59.38
NAROK,2008,12,65.58
NAROK,2009,1,48.06
NAROK,2009,2,32.74
NAROK,2009,3,28.93
NAROK,2009,4,24.29
NAROK,2009,5,24
NAROK,2009,6,40.62
NAROK,2009,7,41.67
NAROK,2009,8,28.18
NAROK,2009,9,20.07
NAROK,2009,10,16.73
NAROK,2009,11,20.17
NAROK,2009,12,28.76
NAROK,2010,1,41.76
NAROK,2010,2,57.18
NAROK,2010,3,71.81
NAROK,2010,4,74.81
NAROK,2010,5,75.47
NAROK,2010,6,72.58
NAROK,2010,7,65.08
NAROK,2010,8,47.53
NAROK,2010,9,35.42
NAROK,2010,10,40.38
NAROK,2010,11,54.83
NAROK,2010,12,51.82
NAROK,2011,1,46.39
NAROK,2011,2,40.88
NAROK,2011,3,37.96
NAROK,2011,4,40.43
NAROK,2011,5,37.21
NAROK,2011,6,30.73
NAROK,2011,7,29.76
NAROK,2011,8,35.66
NAROK,2011,9,49.2
NAROK,2011,10,59.25
NAROK,2011,11,70.25
NAROK,2011,12,78.11
NAROK,2012,1,79.48
NAROK,2012,2,59.78
NAROK,2012,3,43.9
NAROK,2012,4,37.96
NAROK,2012,5,51.21
NAROK,2012,6,62.16
NAROK,2012,7,65.46
NAROK,2012,8,66.26
NAROK,2012,9,65.39
NAROK,2012,10,61.48
NAROK,2012,11,63
NAROK,2012,12,58.45
NAROK,2013,1,60.51
NAROK,2013,2,64.65
NAROK,2013,3,61.77
NAROK,2013,4,54
NAROK,2013,5,61.92
NAROK,2013,6,61.85
NAROK,2013,7,46.03
NAROK,2013,8,37.81
NAROK,2013,9,38.62
NAROK,2013,10,48.4
NAROK,2013,11,48.01
NAROK,2013,12,44.7
NAROK,2014,1,52.7
NAROK,2014,2,54.94
NAROK,2014,3,58.55
NAROK,2014,4,60.6
NAROK,2014,5,42.52
NAROK,2014,6,22.73
NAROK,2014,7,26.48
NAROK,2014,8,39.39
NAROK,2014,9,48.64
NAROK,2014,10,58.19
NAROK,2014,11,60.06
NAROK,2014,12,47.77
NAROK,2015,1,47.22
NAROK,2015,2,40.55
NAROK,2015,3,23.88
NAROK,2015,4,8.65
NAROK,2015,5,19.65
NAROK,2015,6,51.41
NAROK,2015,7,69.92
NAROK,2015,8,67.46
NAROK,2015,9,53.92
NAROK,2015,10,36.47
NAROK,2015,11,42.92
NAROK,2015,12,66.65
NAROK,2016,1,84.08
NAROK,2016,2,81.9
NAROK,2016,3,75.11
NAROK,2016,4,63.18
NAROK,2016,5,58.71
NAROK,2016,6,63.08
NAROK,2016,7,59.07
NAROK,2016,8,47.1
NAROK,2016,9,34
NAROK,2016,10,30.22
NAROK,2016,11,34.63
NAROK,2016,12,37.61
NAROK,2017,1,29.88
NAROK,2017,2,24.55
NAROK,2017,3,28.23
NAROK,2017,4,29.61
NAROK,2017,5,27.74
NAROK,2017,6,28.67
NAROK,2017,7,27.48
NAROK,2017,8,29.06
NAROK,2017,9,33.64
NAROK,2017,10,46.02
NAROK,2017,11,52.49
NAROK,2017,12,53.03
NAROK,2018,1,45.85
NAROK,2018,2,43.89
NAROK,2018,3,39.98
LAMU,2001,1,
LAMU,2001,2,
LAMU,2001,3,51.64
LAMU,2001,4,51.41
LAMU,2001,5,53.41
LAMU,2001,6,65.2
LAMU,2001,7,65.89
LAMU,2001,8,67.32
LAMU,2001,9,66.5
LAMU,2001,10,63.32
LAMU,2001,11,55.69
LAMU,2001,12,53.24
LAMU,2002,1,59.12
LAMU,2002,2,56.3
LAMU,2002,3,52.68
LAMU,2002,4,52.43
LAMU,2002,5,55.96
LAMU,2002,6,65.64
LAMU,2002,7,70.39
LAMU,2002,8,70.4
LAMU,2002,9,62.45
LAMU,2002,10,65.05
LAMU,2002,11,70.16
LAMU,2002,12,68.51
LAMU,2003,1,68.71
LAMU,2003,2,59.41
LAMU,2003,3,49.99
LAMU,2003,4,41.39
LAMU,2003,5,38.4
LAMU,2003,6,49.96
LAMU,2003,7,65.22
LAMU,2003,8,75.38
LAMU,2003,9,66.94
LAMU,2003,10,58.5
LAMU,2003,11,49.14
LAMU,2003,12,54.65
LAMU,2004,1,61.34
LAMU,2004,2,55.43
LAMU,2004,3,43.89
LAMU,2004,4,32.5
LAMU,2004,5,35.02
LAMU,2004,6,27.5
LAMU,2004,7,44.18
LAMU,2004,8,68.58
LAMU,2004,9,75.47
LAMU,2004,10,68.12
LAMU,2004,11,60.28
LAMU,2004,12,59.81
LAMU,2005,1,65.53
LAMU,2005,2,50.57
LAMU,2005,3,37.9
LAMU,2005,4,39.7
LAMU,2005,5,53.18
LAMU,2005,6,68.04
LAMU,2005,7,67.34
LAMU,2005,8,69.63
LAMU,2005,9,69.38
LAMU,2005,10,60.51
LAMU,2005,11,48.57
LAMU,2005,12,50.16
LAMU,2006,1,44.82
LAMU,2006,2,34.1
LAMU,2006,3,26.19
LAMU,2006,4,29.72
LAMU,2006,5,53.98
LAMU,2006,6,64.49
LAMU,2006,7,65.64
LAMU,2006,8,65.4
LAMU,2006,9,71.85
LAMU,2006,10,73.44
LAMU,2006,11,75.06
LAMU,2006,12,77.03
LAMU,2007,1,78.28
LAMU,2007,2,80.26
LAMU,2007,3,78.94
LAMU,2007,4,64.42
LAMU,2007,5,56.82
LAMU,2007,6,65.12
LAMU,2007,7,77.67
LAMU,2007,8,73.78
LAMU,2007,9,74.6
LAMU,2007,10,77.29
LAMU,2007,11,75.77
LAMU,2007,12,63.4
LAMU,2008,1,59.9
LAMU,2008,2,59.46
LAMU,2008,3,50.01
LAMU,2008,4,49.79
LAMU,2008,5,58.64
LAMU,2008,6,67.76
LAMU,2008,7,69.41
LAMU,2008,8,61.62
LAMU,2008,9,63.37
LAMU,2008,10,60.58
LAMU,2008,11,45.93
LAMU,2008,12,38.91
LAMU,2009,1,34.1
LAMU,2009,2,31.54
LAMU,2009,3,32.6
LAMU,2009,4,26.71
LAMU,2009,5,29.49
LAMU,2009,6,42.61
LAMU,2009,7,56.48
LAMU,2009,8,59.14
LAMU,2009,9,50.54
LAMU,2009,10,37.01
LAMU,2009,11,48.45
LAMU,2009,12,66.28
LAMU,2010,1,72.89
LAMU,2010,2,66.98
LAMU,2010,3,64.9
LAMU,2010,4,70.93
LAMU,2010,5,82.12
LAMU,2010,6,84.93
LAMU,2010,7,79.42
LAMU,2010,8,69.66
LAMU,2010,9,64.14
LAMU,2010,10,58.48
LAMU,2010,11,39.47
LAMU,2010,12,35.89
LAMU,2011,1,33.57
LAMU,2011,2,27.68
LAMU,2011,3,22.49
LAMU,2011,4,21
LAMU,2011,5,32.89
LAMU,2011,6,48.4
LAMU,2011,7,37.77
LAMU,2011,8,23.68
LAMU,2011,9,17.92
LAMU,2011,10,24.16
LAMU,2011,11,45.78
LAMU,2011,12,66.39
LAMU,2012,1,76.35
LAMU,2012,2,72.51
LAMU,2012,3,64.73
LAMU,2012,4,48.51
LAMU,2012,5,30.05
LAMU,2012,6,30.62
LAMU,2012,7,42.19
LAMU,2012,8,37.93
LAMU,2012,9,32.63
LAMU,2012,10,26.64
LAMU,2012,11,34.32
LAMU,2012,12,45.48
LAMU,2013,1,50.18
LAMU,2013,2,47.3
LAMU,2013,3,38.84
LAMU,2013,4,46.22
LAMU,2013,5,53.36
LAMU,2013,6,62.84
LAMU,2013,7,66.3
LAMU,2013,8,60.44
LAMU,2013,9,51.62
LAMU,2013,10,44.11
LAMU,2013,11,37.37
LAMU,2013,12,38.1
LAMU,2014,1,48.34
LAMU,2014,2,44.41
LAMU,2014,3,35.89
LAMU,2014,4,42.6
LAMU,2014,5,51.95
LAMU,2014,6,62.88
LAMU,2014,7,69.34
LAMU,2014,8,69.29
LAMU,2014,9,68.51
LAMU,2014,10,67.06
LAMU,2014,11,62.12
LAMU,2014,12,56.68
LAMU,2015,1,55.14
LAMU,2015,2,46.8
LAMU,2015,3,39.53
LAMU,2015,4,42.05
LAMU,2015,5,44.08
LAMU,2015,6,57.16
LAMU,2015,7,63.22
LAMU,2015,8,61
LAMU,2015,9,58.86
LAMU,2015,10,48.82
LAMU,2015,11,54.42
LAMU,2015,12,58.58
LAMU,2016,1,62.4
LAMU,2016,2,54.33
LAMU,2016,3,44.28
LAMU,2016,4,38.43
LAMU,2016,5,39.02
LAMU,2016,6,49.83
LAMU,2016,7,52.25
LAMU,2016,8,37.02
LAMU,2016,9,26.94
LAMU,2016,10,19.14
LAMU,2016,11,6.37
LAMU,2016,12,-6.55
LAMU,2017,1,-2.53
LAMU,2017,2,3.7
LAMU,2017,3,10.8
LAMU,2017,4,11.26
LAMU,2017,5,12.06
LAMU,2017,6,25.31
LAMU,2017,7,50.86
LAMU,2017,8,56.27
LAMU,2017,9,55.01
LAMU,2017,10,62.75
LAMU,2017,11,56.62
LAMU,2017,12,52.35
LAMU,2018,1,34.98
LAMU,2018,2,20.71
LAMU,2018,3,23.84
LAIKIPIA,2001,1,
LAIKIPIA,2001,2,
LAIKIPIA,2001,3,40.57
LAIKIPIA,2001,4,41.86
LAIKIPIA,2001,5,48.51
LAIKIPIA,2001,6,50.3
LAIKIPIA,2001,7,49.84
LAIKIPIA,2001,8,47.38
LAIKIPIA,2001,9,51.08
LAIKIPIA,2001,10,49.83
LAIKIPIA,2001,11,48.09
LAIKIPIA,2001,12,59.2
LAIKIPIA,2002,1,50.64
LAIKIPIA,2002,2,39.52
LAIKIPIA,2002,3,37.49
LAIKIPIA,2002,4,42.94
LAIKIPIA,2002,5,54.65
LAIKIPIA,2002,6,68.57
LAIKIPIA,2002,7,59.6
LAIKIPIA,2002,8,47.79
LAIKIPIA,2002,9,38.06
LAIKIPIA,2002,10,31.81
LAIKIPIA,2002,11,28.32
LAIKIPIA,2002,12,41.87
LAIKIPIA,2003,1,59.16
LAIKIPIA,2003,2,62.13
LAIKIPIA,2003,3,43.56
LAIKIPIA,2003,4,29.78
LAIKIPIA,2003,5,40.97
LAIKIPIA,2003,6,73.48
LAIKIPIA,2003,7,83.54
LAIKIPIA,2003,8,74.2
LAIKIPIA,2003,9,72.11
LAIKIPIA,2003,10,71.92
LAIKIPIA,2003,11,57.01
LAIKIPIA,2003,12,51.31
LAIKIPIA,2004,1,54.87
LAIKIPIA,2004,2,62.23
LAIKIPIA,2004,3,56.01
LAIKIPIA,2004,4,45.28
LAIKIPIA,2004,5,61.3
LAIKIPIA,2004,6,62.11
LAIKIPIA,2004,7,51.2
LAIKIPIA,2004,8,40.74
LAIKIPIA,2004,9,42.65
LAIKIPIA,2004,10,40.29
LAIKIPIA,2004,11,33.24
LAIKIPIA,2004,12,51.82
LAIKIPIA,2005,1,52.44
LAIKIPIA,2005,2,38.01
LAIKIPIA,2005,3,27.85
LAIKIPIA,2005,4,26.15
LAIKIPIA,2005,5,35.9
LAIKIPIA,2005,6,53.01
LAIKIPIA,2005,7,60.44
LAIKIPIA,2005,8,54.84
LAIKIPIA,2005,9,49.67
LAIKIPIA,2005,10,58.95
LAIKIPIA,2005,11,49.67
LAIKIPIA,2005,12,31.62
LAIKIPIA,2006,1,12.86
LAIKIPIA,2006,2,9.65
LAIKIPIA,2006,3,13.83
LAIKIPIA,2006,4,24.3
LAIKIPIA,2006,5,47.62
LAIKIPIA,2006,6,42.38
LAIKIPIA,2006,7,30.47
LAIKIPIA,2006,8,29.37
LAIKIPIA,2006,9,38.78
LAIKIPIA,2006,10,38.16
LAIKIPIA,2006,11,37.39
LAIKIPIA,2006,12,58.23
LAIKIPIA,2007,1,84.11
LAIKIPIA,2007,2,87.1
LAIKIPIA,2007,3,77.16
LAIKIPIA,2007,4,53.62
LAIKIPIA,2007,5,50.8
LAIKIPIA,2007,6,48.71
LAIKIPIA,2007,7,66.56
LAIKIPIA,2007,8,77.91
LAIKIPIA,2007,9,82.16
LAIKIPIA,2007,10,81.22
LAIKIPIA,2007,11,67.36
LAIKIPIA,2007,12,52.04
LAIKIPIA,2008,1,36.81
LAIKIPIA,2008,2,35.19
LAIKIPIA,2008,3,28.18
LAIKIPIA,2008,4,34.86
LAIKIPIA,2008,5,43.47
LAIKIPIA,2008,6,34.83
LAIKIPIA,2008,7,24.28
LAIKIPIA,2008,8,31.15
LAIKIPIA,2008,9,41.85
LAIKIPIA,2008,10,47.09
LAIKIPIA,2008,11,59.17
LAIKIPIA,2008,12,67.91
LAIKIPIA,2009,1,49.11
LAIKIPIA,2009,2,32.26
LAIKIPIA,2009,3,17.78
LAIKIPIA,2009,4,9.75
LAIKIPIA,2009,5,5.78
LAIKIPIA,2009,6,8.11
LAIKIPIA,2009,7,7.2
LAIKIPIA,2009,8,4.18
LAIKIPIA,2009,9,3.43
LAIKIPIA,2009,10,2.49
LAIKIPIA,2009,11,13.2
LAIKIPIA,2009,12,20.74
LAIKIPIA,2010,1,34.67
LAIKIPIA,2010,2,50.07
LAIKIPIA,2010,3,72.78
LAIKIPIA,2010,4,83.16
LAIKIPIA,2010,5,90.68
LAIKIPIA,2010,6,82.28
LAIKIPIA,2010,7,69.99
LAIKIPIA,2010,8,61.41
LAIKIPIA,2010,9,65.15
LAIKIPIA,2010,10,69.95
LAIKIPIA,2010,11,62.72
LAIKIPIA,2010,12,44.01
LAIKIPIA,2011,1,22.53
LAIKIPIA,2011,2,15.38
LAIKIPIA,2011,3,12.53
LAIKIPIA,2011,4,21.2
LAIKIPIA,2011,5,33.42
LAIKIPIA,2011,6,35.64
LAIKIPIA,2011,7,43.65
LAIKIPIA,2011,8,53.01
LAIKIPIA,2011,9,65.02
LAIKIPIA,2011,10,72.21
LAIKIPIA,2011,11,77.67
LAIKIPIA,2011,12,83.38
LAIKIPIA,2012,1,80.55
LAIKIPIA,2012,2,62.91
LAIKIPIA,2012,3,46.84
LAIKIPIA,2012,4,31.76
LAIKIPIA,2012,5,44.84
LAIKIPIA,2012,6,67.18
LAIKIPIA,2012,7,77.44
LAIKIPIA,2012,8,80.77
LAIKIPIA,2012,9,83.28
LAIKIPIA,2012,10,76.72
LAIKIPIA,2012,11,73.33
LAIKIPIA,2012,12,63.36
LAIKIPIA,2013,1,56.38
LAIKIPIA,2013,2,49.29
LAIKIPIA,2013,3,39.03
LAIKIPIA,2013,4,41.73
LAIKIPIA,2013,5,69.27
LAIKIPIA,2013,6,78.12
LAIKIPIA,2013,7,70.55
LAIKIPIA,2013,8,70.76
LAIKIPIA,2013,9,67.38
LAIKIPIA,2013,10,62.82
LAIKIPIA,2013,11,55.23
LAIKIPIA,2013,12,55.08
LAIKIPIA,2014,1,58.41
LAIKIPIA,2014,2,46.94
LAIKIPIA,2014,3,44.35
LAIKIPIA,2014,4,50.97
LAIKIPIA,2014,5,45.81
LAIKIPIA,2014,6,33.38
LAIKIPIA,2014,7,25.18
LAIKIPIA,2014,8,25.7
LAIKIPIA,2014,9,32.02
LAIKIPIA,2014,10,44.42
LAIKIPIA,2014,11,51.79
LAIKIPIA,2014,12,51.28
LAIKIPIA,2015,1,44.29
LAIKIPIA,2015,2,28.76
LAIKIPIA,2015,3,15.24
LAIKIPIA,2015,4,12.17
LAIKIPIA,2015,5,29.65
LAIKIPIA,2015,6,57.59
LAIKIPIA,2015,7,62.55
LAIKIPIA,2015,8,46.7
LAIKIPIA,2015,9,32.04
LAIKIPIA,2015,10,20.1
LAIKIPIA,2015,11,18.09
LAIKIPIA,2015,12,40.26
LAIKIPIA,2016,1,66.56
LAIKIPIA,2016,2,73.71
LAIKIPIA,2016,3,63.49
LAIKIPIA,2016,4,49.25
LAIKIPIA,2016,5,45.81
LAIKIPIA,2016,6,58.31
LAIKIPIA,2016,7,59.3
LAIKIPIA,2016,8,59.59
LAIKIPIA,2016,9,52.74
LAIKIPIA,2016,10,40.12
LAIKIPIA,2016,11,28.38
LAIKIPIA,2016,12,26.63
LAIKIPIA,2017,1,22.38
LAIKIPIA,2017,2,16.11
LAIKIPIA,2017,3,12.15
LAIKIPIA,2017,4,7.94
LAIKIPIA,2017,5,14.13
LAIKIPIA,2017,6,19.89
LAIKIPIA,2017,7,22.67
LAIKIPIA,2017,8,31
LAIKIPIA,2017,9,42.85
LAIKIPIA,2017,10,54.47
LAIKIPIA,2017,11,61.26
LAIKIPIA,2017,12,62.62
LAIKIPIA,2018,1,44.17
LAIKIPIA,2018,2,26.37
LAIKIPIA,2018,3,22.25
KWALE,2001,1,
KWALE,2001,2,
KWALE,2001,3,64.51
KWALE,2001,4,51.69
KWALE,2001,5,50.84
KWALE,2001,6,56.79
KWALE,2001,7,53.05
KWALE,2001,8,54.8
KWALE,2001,9,49.07
KWALE,2001,10,38.71
KWALE,2001,11,30.54
KWALE,2001,12,24.74
KWALE,2002,1,28.17
KWALE,2002,2,40.62
KWALE,2002,3,47.34
KWALE,2002,4,56.16
KWALE,2002,5,50.77
KWALE,2002,6,39.87
KWALE,2002,7,34.47
KWALE,2002,8,28.69
KWALE,2002,9,47.07
KWALE,2002,10,73.22
KWALE,2002,11,80.47
KWALE,2002,12,82.07
KWALE,2003,1,86.13
KWALE,2003,2,79.34
KWALE,2003,3,65.57
KWALE,2003,4,54.58
KWALE,2003,5,51.29
KWALE,2003,6,62.82
KWALE,2003,7,73.35
KWALE,2003,8,76.51
KWALE,2003,9,66
KWALE,2003,10,54.51
KWALE,2003,11,41.59
KWALE,2003,12,29.91
KWALE,2004,1,22.94
KWALE,2004,2,38.64
KWALE,2004,3,62.71
KWALE,2004,4,61.41
KWALE,2004,5,61.35
KWALE,2004,6,49.62
KWALE,2004,7,39.86
KWALE,2004,8,51.7
KWALE,2004,9,50.3
KWALE,2004,10,33.46
KWALE,2004,11,38.53
KWALE,2004,12,64.18
KWALE,2005,1,66.02
KWALE,2005,2,55.94
KWALE,2005,3,42.47
KWALE,2005,4,46.22
KWALE,2005,5,51.67
KWALE,2005,6,49.63
KWALE,2005,7,39.66
KWALE,2005,8,43.39
KWALE,2005,9,42.61
KWALE,2005,10,43.93
KWALE,2005,11,42.91
KWALE,2005,12,45.15
KWALE,2006,1,34.48
KWALE,2006,2,23.89
KWALE,2006,3,16.09
KWALE,2006,4,35.99
KWALE,2006,5,62.96
KWALE,2006,6,67.59
KWALE,2006,7,60.47
KWALE,2006,8,58.3
KWALE,2006,9,59.96
KWALE,2006,10,67.37
KWALE,2006,11,79.36
KWALE,2006,12,88.64
KWALE,2007,1,92.3
KWALE,2007,2,91.14
KWALE,2007,3,82.83
KWALE,2007,4,73.74
KWALE,2007,5,68.2
KWALE,2007,6,75.42
KWALE,2007,7,79.81
KWALE,2007,8,72.71
KWALE,2007,9,77.29
KWALE,2007,10,73.95
KWALE,2007,11,63.7
KWALE,2007,12,51.24
KWALE,2008,1,44.09
KWALE,2008,2,45.21
KWALE,2008,3,47.18
KWALE,2008,4,52.1
KWALE,2008,5,53.73
KWALE,2008,6,49.57
KWALE,2008,7,50.01
KWALE,2008,8,45.33
KWALE,2008,9,44.62
KWALE,2008,10,36.38
KWALE,2008,11,29.03
KWALE,2008,12,37.1
KWALE,2009,1,35.79
KWALE,2009,2,26.36
KWALE,2009,3,26.35
KWALE,2009,4,22.69
KWALE,2009,5,21.5
KWALE,2009,6,16.45
KWALE,2009,7,21.38
KWALE,2009,8,25.92
KWALE,2009,9,19.93
KWALE,2009,10,11.06
KWALE,2009,11,16.04
KWALE,2009,12,26.18
KWALE,2010,1,39.78
KWALE,2010,2,50.45
KWALE,2010,3,42.42
KWALE,2010,4,37.55
KWALE,2010,5,58.7
KWALE,2010,6,73.26
KWALE,2010,7,73.89
KWALE,2010,8,63.31
KWALE,2010,9,55.43
KWALE,2010,10,49.52
KWALE,2010,11,33.05
KWALE,2010,12,37.44
KWALE,2011,1,34.03
KWALE,2011,2,20.69
KWALE,2011,3,28.5
KWALE,2011,4,35.67
KWALE,2011,5,48.82
KWALE,2011,6,58.74
KWALE,2011,7,49.26
KWALE,2011,8,31.86
KWALE,2011,9,23.55
KWALE,2011,10,41.55
KWALE,2011,11,66.2
KWALE,2011,12,72.92
KWALE,2012,1,59.92
KWALE,2012,2,43.25
KWALE,2012,3,32.54
KWALE,2012,4,29.37
KWALE,2012,5,26.09
KWALE,2012,6,33
KWALE,2012,7,29.61
KWALE,2012,8,24.73
KWALE,2012,9,28.95
KWALE,2012,10,36.59
KWALE,2012,11,33.65
KWALE,2012,12,32.26
KWALE,2013,1,39.36
KWALE,2013,2,35.34
KWALE,2013,3,21.64
KWALE,2013,4,27.91
KWALE,2013,5,31.94
KWALE,2013,6,41.91
KWALE,2013,7,52.43
KWALE,2013,8,45.29
KWALE,2013,9,42.89
KWALE,2013,10,47.22
KWALE,2013,11,49.53
KWALE,2013,12,49.13
KWALE,2014,1,49.02
KWALE,2014,2,39.13
KWALE,2014,3,31.4
KWALE,2014,4,42.09
KWALE,2014,5,50.02
KWALE,2014,6,56.84
KWALE,2014,7,56.66
KWALE,2014,8,55.1
KWALE,2014,9,52.98
KWALE,2014,10,57.57
KWALE,2014,11,56.53
KWALE,2014,12,56.62
KWALE,2015,1,55.5
KWALE,2015,2,46.67
KWALE,2015,3,29.06
KWALE,2015,4,27.88
KWALE,2015,5,35.06
KWALE,2015,6,51
KWALE,2015,7,55.31
KWALE,2015,8,58.32
KWALE,2015,9,55.96
KWALE,2015,10,41.37
KWALE,2015,11,39.51
KWALE,2015,12,49.96
KWALE,2016,1,52.31
KWALE,2016,2,38.62
KWALE,2016,3,29.12
KWALE,2016,4,26.85
KWALE,2016,5,44.02
KWALE,2016,6,47.3
KWALE,2016,7,35.96
KWALE,2016,8,23.76
KWALE,2016,9,21.62
KWALE,2016,10,19.14
KWALE,2016,11,7.07
KWALE,2016,12,-3.76
KWALE,2017,1,13.58
KWALE,2017,2,19.03
KWALE,2017,3,11.04
KWALE,2017,4,4.63
KWALE,2017,5,6.25
KWALE,2017,6,30.34
KWALE,2017,7,52.12
KWALE,2017,8,54.63
KWALE,2017,9,48.5
KWALE,2017,10,55.36
KWALE,2017,11,57.91
KWALE,2017,12,63.18
KWALE,2018,1,59.26
KWALE,2018,2,47.01
KWALE,2018,3,44.8
KILIFI,2001,1,
KILIFI,2001,2,
KILIFI,2001,3,56.58
KILIFI,2001,4,54.45
KILIFI,2001,5,53.12
KILIFI,2001,6,50.35
KILIFI,2001,7,47.82
KILIFI,2001,8,49.96
KILIFI,2001,9,46.81
KILIFI,2001,10,39.53
KILIFI,2001,11,32.98
KILIFI,2001,12,36.84
KILIFI,2002,1,42.31
KILIFI,2002,2,47.91
KILIFI,2002,3,49.36
KILIFI,2002,4,54.13
KILIFI,2002,5,51.07
KILIFI,2002,6,44.77
KILIFI,2002,7,38.5
KILIFI,2002,8,30.76
KILIFI,2002,9,34.28
KILIFI,2002,10,59.23
KILIFI,2002,11,76.61
KILIFI,2002,12,83.02
KILIFI,2003,1,81.19
KILIFI,2003,2,73.22
KILIFI,2003,3,61.38
KILIFI,2003,4,56.62
KILIFI,2003,5,56.21
KILIFI,2003,6,64.4
KILIFI,2003,7,70.35
KILIFI,2003,8,70.96
KILIFI,2003,9,63.2
KILIFI,2003,10,56.67
KILIFI,2003,11,47.61
KILIFI,2003,12,44.37
KILIFI,2004,1,41.99
KILIFI,2004,2,44.62
KILIFI,2004,3,46.96
KILIFI,2004,4,42.48
KILIFI,2004,5,51.95
KILIFI,2004,6,43.44
KILIFI,2004,7,42.53
KILIFI,2004,8,55.17
KILIFI,2004,9,51.48
KILIFI,2004,10,36.3
KILIFI,2004,11,43.71
KILIFI,2004,12,54.67
KILIFI,2005,1,55.72
KILIFI,2005,2,44.12
KILIFI,2005,3,32.49
KILIFI,2005,4,38.61
KILIFI,2005,5,50.18
KILIFI,2005,6,51.22
KILIFI,2005,7,39.99
KILIFI,2005,8,45.18
KILIFI,2005,9,40.78
KILIFI,2005,10,36.05
KILIFI,2005,11,33.24
KILIFI,2005,12,37.78
KILIFI,2006,1,34.26
KILIFI,2006,2,26.95
KILIFI,2006,3,21.32
KILIFI,2006,4,31.41
KILIFI,2006,5,51.44
KILIFI,2006,6,53.54
KILIFI,2006,7,47.54
KILIFI,2006,8,47.78
KILIFI,2006,9,53.12
KILIFI,2006,10,56.81
KILIFI,2006,11,72.97
KILIFI,2006,12,82.87
KILIFI,2007,1,86.84
KILIFI,2007,2,88.14
KILIFI,2007,3,82.64
KILIFI,2007,4,71.13
KILIFI,2007,5,59.92
KILIFI,2007,6,70.89
KILIFI,2007,7,83.07
KILIFI,2007,8,80.02
KILIFI,2007,9,84.13
KILIFI,2007,10,82.7
KILIFI,2007,11,75.13
KILIFI,2007,12,61.78
KILIFI,2008,1,54.14
KILIFI,2008,2,52.67
KILIFI,2008,3,49.69
KILIFI,2008,4,55.72
KILIFI,2008,5,62.15
KILIFI,2008,6,59.77
KILIFI,2008,7,58.06
KILIFI,2008,8,53.7
KILIFI,2008,9,53.1
KILIFI,2008,10,47.54
KILIFI,2008,11,37.63
KILIFI,2008,12,38.87
KILIFI,2009,1,33.94
KILIFI,2009,2,29.45
KILIFI,2009,3,33.71
KILIFI,2009,4,31.28
KILIFI,2009,5,31.6
KILIFI,2009,6,24.89
KILIFI,2009,7,32.48
KILIFI,2009,8,33.32
KILIFI,2009,9,25.83
KILIFI,2009,10,16.63
KILIFI,2009,11,32.19
KILIFI,2009,12,50.97
KILIFI,2010,1,61.6
KILIFI,2010,2,57.51
KILIFI,2010,3,50.91
KILIFI,2010,4,55.67
KILIFI,2010,5,69.18
KILIFI,2010,6,72.07
KILIFI,2010,7,64.41
KILIFI,2010,8,59.54
KILIFI,2010,9,56.59
KILIFI,2010,10,53.13
KILIFI,2010,11,31.21
KILIFI,2010,12,29.8
KILIFI,2011,1,29.64
KILIFI,2011,2,21.85
KILIFI,2011,3,25.75
KILIFI,2011,4,31.94
KILIFI,2011,5,46.06
KILIFI,2011,6,50.7
KILIFI,2011,7,38.24
KILIFI,2011,8,24.71
KILIFI,2011,9,20.7
KILIFI,2011,10,30.22
KILIFI,2011,11,51.05
KILIFI,2011,12,60.85
KILIFI,2012,1,54.42
KILIFI,2012,2,40.37
KILIFI,2012,3,28.35
KILIFI,2012,4,19.84
KILIFI,2012,5,14.5
KILIFI,2012,6,21.5
KILIFI,2012,7,25.13
KILIFI,2012,8,25.18
KILIFI,2012,9,29
KILIFI,2012,10,29.2
KILIFI,2012,11,43.05
KILIFI,2012,12,55.96
KILIFI,2013,1,62.87
KILIFI,2013,2,57.91
KILIFI,2013,3,48.55
KILIFI,2013,4,60.29
KILIFI,2013,5,57.38
KILIFI,2013,6,57.02
KILIFI,2013,7,50.61
KILIFI,2013,8,41.82
KILIFI,2013,9,37.68
KILIFI,2013,10,38
KILIFI,2013,11,38.5
KILIFI,2013,12,27
KILIFI,2014,1,38.82
KILIFI,2014,2,41.96
KILIFI,2014,3,33.99
KILIFI,2014,4,45.65
KILIFI,2014,5,55.5
KILIFI,2014,6,60.64
KILIFI,2014,7,59.64
KILIFI,2014,8,55.65
KILIFI,2014,9,52.21
KILIFI,2014,10,57.4
KILIFI,2014,11,57.25
KILIFI,2014,12,56.28
KILIFI,2015,1,51.68
KILIFI,2015,2,43.76
KILIFI,2015,3,31.6
KILIFI,2015,4,35.88
KILIFI,2015,5,48.14
KILIFI,2015,6,58.74
KILIFI,2015,7,61.32
KILIFI,2015,8,58.36
KILIFI,2015,9,53.88
KILIFI,2015,10,41.3
KILIFI,2015,11,44.5
KILIFI,2015,12,53.71
KILIFI,2016,1,61.63
KILIFI,2016,2,50.68
KILIFI,2016,3,37.34
KILIFI,2016,4,33.82
KILIFI,2016,5,37.58
KILIFI,2016,6,35.84
KILIFI,2016,7,26.05
KILIFI,2016,8,19.07
KILIFI,2016,9,19.74
KILIFI,2016,10,18.25
KILIFI,2016,11,5.27
KILIFI,2016,12,-11.82
KILIFI,2017,1,4.38
KILIFI,2017,2,12.99
KILIFI,2017,3,10.26
KILIFI,2017,4,9.66
KILIFI,2017,5,10.59
KILIFI,2017,6,25.11
KILIFI,2017,7,32.9
KILIFI,2017,8,26.54
KILIFI,2017,9,24.06
KILIFI,2017,10,37.5
KILIFI,2017,11,34.96
KILIFI,2017,12,41.39
KILIFI,2018,1,44.97
KILIFI,2018,2,34.56
KILIFI,2018,3,32.39
EMBU,2001,1,
EMBU,2001,2,
EMBU,2001,3,62.55
EMBU,2001,4,45.96
EMBU,2001,5,52.22
EMBU,2001,6,63.36
EMBU,2001,7,50.42
EMBU,2001,8,39.71
EMBU,2001,9,39.41
EMBU,2001,10,32.98
EMBU,2001,11,25.47
EMBU,2001,12,39.76
EMBU,2002,1,54.64
EMBU,2002,2,57.8
EMBU,2002,3,55.02
EMBU,2002,4,52.07
EMBU,2002,5,71.41
EMBU,2002,6,73.84
EMBU,2002,7,67.96
EMBU,2002,8,67.98
EMBU,2002,9,75.43
EMBU,2002,10,69.44
EMBU,2002,11,60.76
EMBU,2002,12,69.54
EMBU,2003,1,81.45
EMBU,2003,2,73.86
EMBU,2003,3,49.99
EMBU,2003,4,38.39
EMBU,2003,5,40.36
EMBU,2003,6,69.27
EMBU,2003,7,81.95
EMBU,2003,8,81.39
EMBU,2003,9,78.8
EMBU,2003,10,70.22
EMBU,2003,11,58.08
EMBU,2003,12,64.77
EMBU,2004,1,77.26
EMBU,2004,2,82.84
EMBU,2004,3,72.93
EMBU,2004,4,55.11
EMBU,2004,5,57.12
EMBU,2004,6,55.33
EMBU,2004,7,51.39
EMBU,2004,8,47.2
EMBU,2004,9,42.32
EMBU,2004,10,38.23
EMBU,2004,11,26.37
EMBU,2004,12,50
EMBU,2005,1,74.04
EMBU,2005,2,63.63
EMBU,2005,3,49.81
EMBU,2005,4,44.9
EMBU,2005,5,53.21
EMBU,2005,6,64.59
EMBU,2005,7,69.37
EMBU,2005,8,67.37
EMBU,2005,9,66.13
EMBU,2005,10,56.09
EMBU,2005,11,46.55
EMBU,2005,12,50.07
EMBU,2006,1,46.78
EMBU,2006,2,37.48
EMBU,2006,3,31.67
EMBU,2006,4,44.92
EMBU,2006,5,69.1
EMBU,2006,6,61.66
EMBU,2006,7,42.98
EMBU,2006,8,41.77
EMBU,2006,9,39.98
EMBU,2006,10,39.16
EMBU,2006,11,43.17
EMBU,2006,12,60.15
EMBU,2007,1,77.74
EMBU,2007,2,78.26
EMBU,2007,3,70.43
EMBU,2007,4,58.12
EMBU,2007,5,62.13
EMBU,2007,6,69.45
EMBU,2007,7,61.48
EMBU,2007,8,68.9
EMBU,2007,9,74.75
EMBU,2007,10,72.61
EMBU,2007,11,61.92
EMBU,2007,12,55.88
EMBU,2008,1,57.67
EMBU,2008,2,64.91
EMBU,2008,3,61.42
EMBU,2008,4,60
EMBU,2008,5,67.33
EMBU,2008,6,58.32
EMBU,2008,7,46.43
EMBU,2008,8,40.69
EMBU,2008,9,44.74
EMBU,2008,10,49.38
EMBU,2008,11,60.18
EMBU,2008,12,47.71
EMBU,2009,1,31.14
EMBU,2009,2,28.63
EMBU,2009,3,31.16
EMBU,2009,4,28.49
EMBU,2009,5,33.41
EMBU,2009,6,43.82
EMBU,2009,7,41.07
EMBU,2009,8,31.79
EMBU,2009,9,26.97
EMBU,2009,10,19.97
EMBU,2009,11,30.92
EMBU,2009,12,43
EMBU,2010,1,52
EMBU,2010,2,48.89
EMBU,2010,3,55.81
EMBU,2010,4,73.21
EMBU,2010,5,80.86
EMBU,2010,6,64.75
EMBU,2010,7,47.45
EMBU,2010,8,43.28
EMBU,2010,9,39.92
EMBU,2010,10,37.73
EMBU,2010,11,45.42
EMBU,2010,12,47.32
EMBU,2011,1,32.87
EMBU,2011,2,17.18
EMBU,2011,3,16.02
EMBU,2011,4,21.63
EMBU,2011,5,32.13
EMBU,2011,6,31.57
EMBU,2011,7,27.39
EMBU,2011,8,23.44
EMBU,2011,9,20.03
EMBU,2011,10,28.5
EMBU,2011,11,51.35
EMBU,2011,12,66.63
EMBU,2012,1,61.06
EMBU,2012,2,39.52
EMBU,2012,3,23.53
EMBU,2012,4,18.32
EMBU,2012,5,35.24
EMBU,2012,6,52.17
EMBU,2012,7,47.96
EMBU,2012,8,50.98
EMBU,2012,9,53.51
EMBU,2012,10,50.3
EMBU,2012,11,49.73
EMBU,2012,12,56.1
EMBU,2013,1,68.16
EMBU,2013,2,66.09
EMBU,2013,3,51.15
EMBU,2013,4,50.59
EMBU,2013,5,62.41
EMBU,2013,6,66.31
EMBU,2013,7,48.43
EMBU,2013,8,43.73
EMBU,2013,9,49.8
EMBU,2013,10,47.78
EMBU,2013,11,33.5
EMBU,2013,12,29.63
EMBU,2014,1,43.03
EMBU,2014,2,36.27
EMBU,2014,3,37.89
EMBU,2014,4,52.88
EMBU,2014,5,62.21
EMBU,2014,6,43.98
EMBU,2014,7,28.24
EMBU,2014,8,26.48
EMBU,2014,9,31.78
EMBU,2014,10,37
EMBU,2014,11,28.7
EMBU,2014,12,30.96
EMBU,2015,1,45.38
EMBU,2015,2,36.06
EMBU,2015,3,21.14
EMBU,2015,4,27.72
EMBU,2015,5,48.48
EMBU,2015,6,53.92
EMBU,2015,7,52.63
EMBU,2015,8,45.35
EMBU,2015,9,44.05
EMBU,2015,10,38.62
EMBU,2015,11,41.71
EMBU,2015,12,56.37
EMBU,2016,1,71.39
EMBU,2016,2,70.5
EMBU,2016,3,65.05
EMBU,2016,4,62.14
EMBU,2016,5,63.5
EMBU,2016,6,64.44
EMBU,2016,7,58.73
EMBU,2016,8,55.09
EMBU,2016,9,59.27
EMBU,2016,10,55.35
EMBU,2016,11,36.43
EMBU,2016,12,36.21
EMBU,2017,1,53.87
EMBU,2017,2,42.43
EMBU,2017,3,30.9
EMBU,2017,4,27.45
EMBU,2017,5,41.3
EMBU,2017,6,51.79
EMBU,2017,7,51.98
EMBU,2017,8,43.62
EMBU,2017,9,43.2
EMBU,2017,10,44.31
EMBU,2017,11,53.62
EMBU,2017,12,57.38
EMBU,2018,1,46.36
EMBU,2018,2,28.87
EMBU,2018,3,26.02
TanaRiver,2001,1,
TanaRiver,2001,2,
TanaRiver,2001,3,44.14
TanaRiver,2001,4,40.97
TanaRiver,2001,5,41
TanaRiver,2001,6,40.97
TanaRiver,2001,7,42.99
TanaRiver,2001,8,40.04
TanaRiver,2001,9,38.05
TanaRiver,2001,10,37.56
TanaRiver,2001,11,33.58
TanaRiver,2001,12,45.87
TanaRiver,2002,1,52.48
TanaRiver,2002,2,48.35
TanaRiver,2002,3,47.7
TanaRiver,2002,4,39.89
TanaRiver,2002,5,45.2
TanaRiver,2002,6,53.25
TanaRiver,2002,7,52.18
TanaRiver,2002,8,48.37
TanaRiver,2002,9,48.17
TanaRiver,2002,10,82.27
TanaRiver,2002,11,84.2
TanaRiver,2002,12,73.54
TanaRiver,2003,1,71.86
TanaRiver,2003,2,61.74
TanaRiver,2003,3,52.7
TanaRiver,2003,4,41.09
TanaRiver,2003,5,41.62
TanaRiver,2003,6,60.12
TanaRiver,2003,7,68.23
TanaRiver,2003,8,67.73
TanaRiver,2003,9,60.72
TanaRiver,2003,10,52.06
TanaRiver,2003,11,45.87
TanaRiver,2003,12,51.15
TanaRiver,2004,1,53.4
TanaRiver,2004,2,50.24
TanaRiver,2004,3,41.58
TanaRiver,2004,4,33.99
TanaRiver,2004,5,40.41
TanaRiver,2004,6,37.03
TanaRiver,2004,7,41.73
TanaRiver,2004,8,49.26
TanaRiver,2004,9,51.66
TanaRiver,2004,10,43.62
TanaRiver,2004,11,32.31
TanaRiver,2004,12,35.9
TanaRiver,2005,1,51.02
TanaRiver,2005,2,44.43
TanaRiver,2005,3,34.51
TanaRiver,2005,4,30.43
TanaRiver,2005,5,39.01
TanaRiver,2005,6,36.77
TanaRiver,2005,7,32.29
TanaRiver,2005,8,35.58
TanaRiver,2005,9,39.2
TanaRiver,2005,10,39.19
TanaRiver,2005,11,29.35
TanaRiver,2005,12,26.92
TanaRiver,2006,1,23.11
TanaRiver,2006,2,19.37
TanaRiver,2006,3,15.3
TanaRiver,2006,4,19.83
TanaRiver,2006,5,32.14
TanaRiver,2006,6,35.48
TanaRiver,2006,7,31.24
TanaRiver,2006,8,29.45
TanaRiver,2006,9,30.99
TanaRiver,2006,10,33.22
TanaRiver,2006,11,41.92
TanaRiver,2006,12,58.55
TanaRiver,2007,1,76.82
TanaRiver,2007,2,79.78
TanaRiver,2007,3,73.23
TanaRiver,2007,4,50.56
TanaRiver,2007,5,38.65
TanaRiver,2007,6,47.4
TanaRiver,2007,7,60.08
TanaRiver,2007,8,59.16
TanaRiver,2007,9,61.98
TanaRiver,2007,10,64.85
TanaRiver,2007,11,49.55
TanaRiver,2007,12,48.14
TanaRiver,2008,1,52.42
TanaRiver,2008,2,54.08
TanaRiver,2008,3,45.16
TanaRiver,2008,4,44.88
TanaRiver,2008,5,52.86
TanaRiver,2008,6,52.3
TanaRiver,2008,7,51.58
TanaRiver,2008,8,45.72
TanaRiver,2008,9,47.92
TanaRiver,2008,10,44.61
TanaRiver,2008,11,35.27
TanaRiver,2008,12,42.64
TanaRiver,2009,1,35.09
TanaRiver,2009,2,28.53
TanaRiver,2009,3,24.34
TanaRiver,2009,4,17.98
TanaRiver,2009,5,21.2
TanaRiver,2009,6,22.95
TanaRiver,2009,7,27.15
TanaRiver,2009,8,25.17
TanaRiver,2009,9,23.38
TanaRiver,2009,10,20.79
TanaRiver,2009,11,36.84
TanaRiver,2009,12,42.16
TanaRiver,2010,1,42.45
TanaRiver,2010,2,31.81
TanaRiver,2010,3,34.01
TanaRiver,2010,4,53.5
TanaRiver,2010,5,73.64
TanaRiver,2010,6,58.8
TanaRiver,2010,7,48.35
TanaRiver,2010,8,48.78
TanaRiver,2010,9,51.71
TanaRiver,2010,10,51.44
TanaRiver,2010,11,31.63
TanaRiver,2010,12,26.99
TanaRiver,2011,1,18.83
TanaRiver,2011,2,13.32
TanaRiver,2011,3,13.84
TanaRiver,2011,4,14.58
TanaRiver,2011,5,19.06
TanaRiver,2011,6,20.72
TanaRiver,2011,7,20.27
TanaRiver,2011,8,22.34
TanaRiver,2011,9,26.27
TanaRiver,2011,10,29.4
TanaRiver,2011,11,42.62
TanaRiver,2011,12,61.79
TanaRiver,2012,1,58.09
TanaRiver,2012,2,43
TanaRiver,2012,3,33.98
TanaRiver,2012,4,24.12
TanaRiver,2012,5,22.38
TanaRiver,2012,6,20.96
TanaRiver,2012,7,23.86
TanaRiver,2012,8,31.25
TanaRiver,2012,9,37.84
TanaRiver,2012,10,30.44
TanaRiver,2012,11,26
TanaRiver,2012,12,31.3
TanaRiver,2013,1,45.97
TanaRiver,2013,2,47.67
TanaRiver,2013,3,38.1
TanaRiver,2013,4,47.96
TanaRiver,2013,5,61.6
TanaRiver,2013,6,58.51
TanaRiver,2013,7,50.64
TanaRiver,2013,8,48.62
TanaRiver,2013,9,47.57
TanaRiver,2013,10,43
TanaRiver,2013,11,32.21
TanaRiver,2013,12,26.07
TanaRiver,2014,1,33.54
TanaRiver,2014,2,31.51
TanaRiver,2014,3,26.19
TanaRiver,2014,4,40.03
TanaRiver,2014,5,52.51
TanaRiver,2014,6,51.83
TanaRiver,2014,7,45.32
TanaRiver,2014,8,36.53
TanaRiver,2014,9,38.28
TanaRiver,2014,10,36.48
TanaRiver,2014,11,27.98
TanaRiver,2014,12,41.71
TanaRiver,2015,1,44.27
TanaRiver,2015,2,34.93
TanaRiver,2015,3,25.09
TanaRiver,2015,4,33.74
TanaRiver,2015,5,49.65
TanaRiver,2015,6,54.93
TanaRiver,2015,7,54.21
TanaRiver,2015,8,43.92
TanaRiver,2015,9,41.27
TanaRiver,2015,10,33.89
TanaRiver,2015,11,30.59
TanaRiver,2015,12,39.52
TanaRiver,2016,1,54.59
TanaRiver,2016,2,50.88
TanaRiver,2016,3,39.9
TanaRiver,2016,4,30.9
TanaRiver,2016,5,28.39
TanaRiver,2016,6,28.21
TanaRiver,2016,7,26.84
TanaRiver,2016,8,33.23
TanaRiver,2016,9,35.36
TanaRiver,2016,10,32.83
TanaRiver,2016,11,18.19
TanaRiver,2016,12,13.92
TanaRiver,2017,1,16.65
TanaRiver,2017,2,17.22
TanaRiver,2017,3,14.61
TanaRiver,2017,4,11.68
TanaRiver,2017,5,15.17
TanaRiver,2017,6,18.62
TanaRiver,2017,7,24.31
TanaRiver,2017,8,24.1
TanaRiver,2017,9,23.87
TanaRiver,2017,10,26.05
TanaRiver,2017,11,21.14
TanaRiver,2017,12,20.02
TanaRiver,2018,1,12.97
TanaRiver,2018,2,5.33
TanaRiver,2018,3,13.71
Makueni,2001,1,
Makueni,2001,2,
Makueni,2001,3,72.67
Makueni,2001,4,64.36
Makueni,2001,5,60.17
Makueni,2001,6,63.81
Makueni,2001,7,52.87
Makueni,2001,8,58.34
Makueni,2001,9,58.34
Makueni,2001,10,55.42
Makueni,2001,11,45.22
Makueni,2001,12,59.28
Makueni,2002,1,67.66
Makueni,2002,2,72.24
Makueni,2002,3,67.29
Makueni,2002,4,64.22
Makueni,2002,5,73.69
Makueni,2002,6,66.6
Makueni,2002,7,54.42
Makueni,2002,8,59.34
Makueni,2002,9,67.78
Makueni,2002,10,68.58
Makueni,2002,11,57.43
Makueni,2002,12,64.85
Makueni,2003,1,75.95
Makueni,2003,2,71.83
Makueni,2003,3,52.92
Makueni,2003,4,43.04
Makueni,2003,5,46.11
Makueni,2003,6,73.84
Makueni,2003,7,81.36
Makueni,2003,8,73.56
Makueni,2003,9,66.58
Makueni,2003,10,62.3
Makueni,2003,11,49.65
Makueni,2003,12,53.76
Makueni,2004,1,56.88
Makueni,2004,2,65.04
Makueni,2004,3,72.46
Makueni,2004,4,60.29
Makueni,2004,5,59.2
Makueni,2004,6,53.87
Makueni,2004,7,47.06
Makueni,2004,8,48.56
Makueni,2004,9,51.26
Makueni,2004,10,52.75
Makueni,2004,11,33.23
Makueni,2004,12,31.92
Makueni,2005,1,52.08
Makueni,2005,2,45.7
Makueni,2005,3,34.7
Makueni,2005,4,28.77
Makueni,2005,5,41.47
Makueni,2005,6,43.46
Makueni,2005,7,36.8
Makueni,2005,8,37.32
Makueni,2005,9,36.27
Makueni,2005,10,33.61
Makueni,2005,11,23.19
Makueni,2005,12,26.81
Makueni,2006,1,21.54
Makueni,2006,2,14
Makueni,2006,3,11.39
Makueni,2006,4,29.1
Makueni,2006,5,54.22
Makueni,2006,6,59.9
Makueni,2006,7,52.79
Makueni,2006,8,55.38
Makueni,2006,9,53.22
Makueni,2006,10,52.04
Makueni,2006,11,44.08
Makueni,2006,12,60.53
Makueni,2007,1,83.81
Makueni,2007,2,87.56
Makueni,2007,3,80.55
Makueni,2007,4,68.92
Makueni,2007,5,62.88
Makueni,2007,6,55.64
Makueni,2007,7,49.69
Makueni,2007,8,58.18
Makueni,2007,9,63.84
Makueni,2007,10,72.21
Makueni,2007,11,50.91
Makueni,2007,12,48
Makueni,2008,1,57.94
Makueni,2008,2,66.19
Makueni,2008,3,56.32
Makueni,2008,4,56.92
Makueni,2008,5,62.34
Makueni,2008,6,50.99
Makueni,2008,7,40.97
Makueni,2008,8,37.02
Makueni,2008,9,43.36
Makueni,2008,10,48.05
Makueni,2008,11,35.74
Makueni,2008,12,36.45
Makueni,2009,1,27
Makueni,2009,2,23.69
Makueni,2009,3,22.72
Makueni,2009,4,15.41
Makueni,2009,5,8.59
Makueni,2009,6,9.34
Makueni,2009,7,10.58
Makueni,2009,8,9.98
Makueni,2009,9,9.42
Makueni,2009,10,8.2
Makueni,2009,11,26.05
Makueni,2009,12,43.52
Makueni,2010,1,53.46
Makueni,2010,2,55.75
Makueni,2010,3,59.35
Makueni,2010,4,74.74
Makueni,2010,5,87.18
Makueni,2010,6,70.33
Makueni,2010,7,58.69
Makueni,2010,8,55.59
Makueni,2010,9,61.84
Makueni,2010,10,62.97
Makueni,2010,11,52.11
Makueni,2010,12,58.91
Makueni,2011,1,57.46
Makueni,2011,2,39.84
Makueni,2011,3,43.57
Makueni,2011,4,49.45
Makueni,2011,5,48.8
Makueni,2011,6,36.8
Makueni,2011,7,26
Makueni,2011,8,26.02
Makueni,2011,9,32.18
Makueni,2011,10,37.62
Makueni,2011,11,45.09
Makueni,2011,12,64.82
Makueni,2012,1,61.81
Makueni,2012,2,41.93
Makueni,2012,3,26.8
Makueni,2012,4,20.79
Makueni,2012,5,40.66
Makueni,2012,6,55.28
Makueni,2012,7,52.84
Makueni,2012,8,52.87
Makueni,2012,9,54.47
Makueni,2012,10,48.95
Makueni,2012,11,37.77
Makueni,2012,12,38.98
Makueni,2013,1,53.48
Makueni,2013,2,54.4
Makueni,2013,3,44.06
Makueni,2013,4,40.11
Makueni,2013,5,60.05
Makueni,2013,6,66.12
Makueni,2013,7,56.13
Makueni,2013,8,55.98
Makueni,2013,9,58.7
Makueni,2013,10,56.84
Makueni,2013,11,40.23
Makueni,2013,12,39.87
Makueni,2014,1,60.31
Makueni,2014,2,56.45
Makueni,2014,3,62.91
Makueni,2014,4,69.61
Makueni,2014,5,70.04
Makueni,2014,6,55.45
Makueni,2014,7,47.75
Makueni,2014,8,46.41
Makueni,2014,9,48.78
Makueni,2014,10,50.37
Makueni,2014,11,37.59
Makueni,2014,12,41.78
Makueni,2015,1,51.23
Makueni,2015,2,39.38
Makueni,2015,3,25.14
Makueni,2015,4,23.32
Makueni,2015,5,39.5
Makueni,2015,6,51.94
Makueni,2015,7,49.8
Makueni,2015,8,42.65
Makueni,2015,9,38.02
Makueni,2015,10,30.27
Makueni,2015,11,22.41
Makueni,2015,12,35.48
Makueni,2016,1,55.68
Makueni,2016,2,62.73
Makueni,2016,3,57.05
Makueni,2016,4,47.32
Makueni,2016,5,47.13
Makueni,2016,6,47.84
Makueni,2016,7,35.34
Makueni,2016,8,39.73
Makueni,2016,9,39.84
Makueni,2016,10,37.38
Makueni,2016,11,25.93
Makueni,2016,12,37.68
Makueni,2017,1,50.94
Makueni,2017,2,38.06
Makueni,2017,3,26.44
Makueni,2017,4,18.9
Makueni,2017,5,33.52
Makueni,2017,6,50.53
Makueni,2017,7,54.62
Makueni,2017,8,53.39
Makueni,2017,9,52.54
Makueni,2017,10,35.49
Makueni,2017,11,30.28
Makueni,2017,12,40.56
Makueni,2018,1,44.29
Makueni,2018,2,33.9
Makueni,2018,3,28.88
TaitaTaveta,2001,1,
TaitaTaveta,2001,2,
TaitaTaveta,2001,3,60.26
TaitaTaveta,2001,4,45.83
TaitaTaveta,2001,5,43.23
TaitaTaveta,2001,6,41.62
TaitaTaveta,2001,7,41.97
TaitaTaveta,2001,8,45.38
TaitaTaveta,2001,9,45.98
TaitaTaveta,2001,10,38
TaitaTaveta,2001,11,28.85
TaitaTaveta,2001,12,33.73
TaitaTaveta,2002,1,39.48
TaitaTaveta,2002,2,46.86
TaitaTaveta,2002,3,48.93
TaitaTaveta,2002,4,54.28
TaitaTaveta,2002,5,50.85
TaitaTaveta,2002,6,35.57
TaitaTaveta,2002,7,32.21
TaitaTaveta,2002,8,35.87
TaitaTaveta,2002,9,44.53
TaitaTaveta,2002,10,69.57
TaitaTaveta,2002,11,73.68
TaitaTaveta,2002,12,75.63
TaitaTaveta,2003,1,78.87
TaitaTaveta,2003,2,64.18
TaitaTaveta,2003,3,43.46
TaitaTaveta,2003,4,37.25
TaitaTaveta,2003,5,34.11
TaitaTaveta,2003,6,51.74
TaitaTaveta,2003,7,60.53
TaitaTaveta,2003,8,60.97
TaitaTaveta,2003,9,53.13
TaitaTaveta,2003,10,43.94
TaitaTaveta,2003,11,30.54
TaitaTaveta,2003,12,20.7
TaitaTaveta,2004,1,16.74
TaitaTaveta,2004,2,31.78
TaitaTaveta,2004,3,56.64
TaitaTaveta,2004,4,56.13
TaitaTaveta,2004,5,61.14
TaitaTaveta,2004,6,57.77
TaitaTaveta,2004,7,51.77
TaitaTaveta,2004,8,56.04
TaitaTaveta,2004,9,57.58
TaitaTaveta,2004,10,49.89
TaitaTaveta,2004,11,39.43
TaitaTaveta,2004,12,45.41
TaitaTaveta,2005,1,55.36
TaitaTaveta,2005,2,54.32
TaitaTaveta,2005,3,44.92
TaitaTaveta,2005,4,45.32
TaitaTaveta,2005,5,49.54
TaitaTaveta,2005,6,42.62
TaitaTaveta,2005,7,30.99
TaitaTaveta,2005,8,34.59
TaitaTaveta,2005,9,40.34
TaitaTaveta,2005,10,37.67
TaitaTaveta,2005,11,31.84
TaitaTaveta,2005,12,29.21
TaitaTaveta,2006,1,21.5
TaitaTaveta,2006,2,15.34
TaitaTaveta,2006,3,12.02
TaitaTaveta,2006,4,37.38
TaitaTaveta,2006,5,59.11
TaitaTaveta,2006,6,61.64
TaitaTaveta,2006,7,49.27
TaitaTaveta,2006,8,48.33
TaitaTaveta,2006,9,50.67
TaitaTaveta,2006,10,47.39
TaitaTaveta,2006,11,62.26
TaitaTaveta,2006,12,78.76
TaitaTaveta,2007,1,90.21
TaitaTaveta,2007,2,89.93
TaitaTaveta,2007,3,80.73
TaitaTaveta,2007,4,67.28
TaitaTaveta,2007,5,49.15
TaitaTaveta,2007,6,53.24
TaitaTaveta,2007,7,57.33
TaitaTaveta,2007,8,62.88
TaitaTaveta,2007,9,65.94
TaitaTaveta,2007,10,63.9
TaitaTaveta,2007,11,48.17
TaitaTaveta,2007,12,41.03
TaitaTaveta,2008,1,44.16
TaitaTaveta,2008,2,41.91
TaitaTaveta,2008,3,39.05
TaitaTaveta,2008,4,51.86
TaitaTaveta,2008,5,64.42
TaitaTaveta,2008,6,52.39
TaitaTaveta,2008,7,44.55
TaitaTaveta,2008,8,41.84
TaitaTaveta,2008,9,47.81
TaitaTaveta,2008,10,45.19
TaitaTaveta,2008,11,29.94
TaitaTaveta,2008,12,34.61
TaitaTaveta,2009,1,32.43
TaitaTaveta,2009,2,23.71
TaitaTaveta,2009,3,18.71
TaitaTaveta,2009,4,14.01
TaitaTaveta,2009,5,12.67
TaitaTaveta,2009,6,10.78
TaitaTaveta,2009,7,12.28
TaitaTaveta,2009,8,12.08
TaitaTaveta,2009,9,11.04
TaitaTaveta,2009,10,9.8
TaitaTaveta,2009,11,18.06
TaitaTaveta,2009,12,28.75
TaitaTaveta,2010,1,45.83
TaitaTaveta,2010,2,58.46
TaitaTaveta,2010,3,52.07
TaitaTaveta,2010,4,54.23
TaitaTaveta,2010,5,60.8
TaitaTaveta,2010,6,50.62
TaitaTaveta,2010,7,41.33
TaitaTaveta,2010,8,42.83
TaitaTaveta,2010,9,49.34
TaitaTaveta,2010,10,48.65
TaitaTaveta,2010,11,29.55
TaitaTaveta,2010,12,30.69
TaitaTaveta,2011,1,34.61
TaitaTaveta,2011,2,24.18
TaitaTaveta,2011,3,29.58
TaitaTaveta,2011,4,34.46
TaitaTaveta,2011,5,40.24
TaitaTaveta,2011,6,40.22
TaitaTaveta,2011,7,34.05
TaitaTaveta,2011,8,31.54
TaitaTaveta,2011,9,36.64
TaitaTaveta,2011,10,37.44
TaitaTaveta,2011,11,40.31
TaitaTaveta,2011,12,54.23
TaitaTaveta,2012,1,51.49
TaitaTaveta,2012,2,35.09
TaitaTaveta,2012,3,25.27
TaitaTaveta,2012,4,24.21
TaitaTaveta,2012,5,27.9
TaitaTaveta,2012,6,28.31
TaitaTaveta,2012,7,24.49
TaitaTaveta,2012,8,28.02
TaitaTaveta,2012,9,33
TaitaTaveta,2012,10,28.62
TaitaTaveta,2012,11,21.64
TaitaTaveta,2012,12,32.93
TaitaTaveta,2013,1,46.2
TaitaTaveta,2013,2,42.36
TaitaTaveta,2013,3,29.35
TaitaTaveta,2013,4,35.84
TaitaTaveta,2013,5,44.34
TaitaTaveta,2013,6,43.34
TaitaTaveta,2013,7,33.33
TaitaTaveta,2013,8,32.45
TaitaTaveta,2013,9,36.35
TaitaTaveta,2013,10,33.53
TaitaTaveta,2013,11,24.62
TaitaTaveta,2013,12,24.53
TaitaTaveta,2014,1,43.98
TaitaTaveta,2014,2,43.13
TaitaTaveta,2014,3,59.99
TaitaTaveta,2014,4,65
TaitaTaveta,2014,5,60.12
TaitaTaveta,2014,6,45.3
TaitaTaveta,2014,7,40.16
TaitaTaveta,2014,8,38.98
TaitaTaveta,2014,9,46.59
TaitaTaveta,2014,10,46.11
TaitaTaveta,2014,11,35.89
TaitaTaveta,2014,12,38.2
TaitaTaveta,2015,1,46.83
TaitaTaveta,2015,2,37.43
TaitaTaveta,2015,3,24.01
TaitaTaveta,2015,4,24.88
TaitaTaveta,2015,5,39.42
TaitaTaveta,2015,6,56.49
TaitaTaveta,2015,7,55.53
TaitaTaveta,2015,8,47.52
TaitaTaveta,2015,9,45.87
TaitaTaveta,2015,10,36.59
TaitaTaveta,2015,11,31.83
TaitaTaveta,2015,12,44.26
TaitaTaveta,2016,1,55.83
TaitaTaveta,2016,2,47.69
TaitaTaveta,2016,3,38.42
TaitaTaveta,2016,4,39.75
TaitaTaveta,2016,5,45.45
TaitaTaveta,2016,6,43.72
TaitaTaveta,2016,7,28.41
TaitaTaveta,2016,8,37.58
TaitaTaveta,2016,9,41.49
TaitaTaveta,2016,10,35.88
TaitaTaveta,2016,11,20.92
TaitaTaveta,2016,12,17.92
TaitaTaveta,2017,1,27.35
TaitaTaveta,2017,2,23.55
TaitaTaveta,2017,3,15.69
TaitaTaveta,2017,4,13.16
TaitaTaveta,2017,5,16.88
TaitaTaveta,2017,6,31.08
TaitaTaveta,2017,7,39.64
TaitaTaveta,2017,8,41.58
TaitaTaveta,2017,9,41.27
TaitaTaveta,2017,10,32.26
TaitaTaveta,2017,11,29.13
TaitaTaveta,2017,12,36.27
TaitaTaveta,2018,1,33.78
TaitaTaveta,2018,2,23.06
TaitaTaveta,2018,3,22.02
WEST POKOT,2001,1,
WEST POKOT,2001,2,
WEST POKOT,2001,3,32.9
WEST POKOT,2001,4,40.46
WEST POKOT,2001,5,48.71
WEST POKOT,2001,6,57.57
WEST POKOT,2001,7,52.81
WEST POKOT,2001,8,54.82
WEST POKOT,2001,9,62.85
WEST POKOT,2001,10,57
WEST POKOT,2001,11,53.45
WEST POKOT,2001,12,52.87
WEST POKOT,2002,1,42.13
WEST POKOT,2002,2,29.05
WEST POKOT,2002,3,31.1
WEST POKOT,2002,4,40.91
WEST POKOT,2002,5,38.69
WEST POKOT,2002,6,42.51
WEST POKOT,2002,7,44.34
WEST POKOT,2002,8,35.36
WEST POKOT,2002,9,25.22
WEST POKOT,2002,10,23.22
WEST POKOT,2002,11,27.29
WEST POKOT,2002,12,28
WEST POKOT,2003,1,38.01
WEST POKOT,2003,2,41.24
WEST POKOT,2003,3,30.49
WEST POKOT,2003,4,22.76
WEST POKOT,2003,5,33.52
WEST POKOT,2003,6,60.23
WEST POKOT,2003,7,68.77
WEST POKOT,2003,8,63.11
WEST POKOT,2003,9,61.75
WEST POKOT,2003,10,54.87
WEST POKOT,2003,11,37.03
WEST POKOT,2003,12,24.21
WEST POKOT,2004,1,26.86
WEST POKOT,2004,2,32.25
WEST POKOT,2004,3,30.82
WEST POKOT,2004,4,24.66
WEST POKOT,2004,5,53.27
WEST POKOT,2004,6,55.96
WEST POKOT,2004,7,43.32
WEST POKOT,2004,8,33.21
WEST POKOT,2004,9,38.64
WEST POKOT,2004,10,39.34
WEST POKOT,2004,11,30.7
WEST POKOT,2004,12,50.84
WEST POKOT,2005,1,55.07
WEST POKOT,2005,2,42.74
WEST POKOT,2005,3,29.24
WEST POKOT,2005,4,29.04
WEST POKOT,2005,5,37.21
WEST POKOT,2005,6,51.1
WEST POKOT,2005,7,57.15
WEST POKOT,2005,8,58
WEST POKOT,2005,9,52.86
WEST POKOT,2005,10,57.47
WEST POKOT,2005,11,51.98
WEST POKOT,2005,12,36.19
WEST POKOT,2006,1,15.77
WEST POKOT,2006,2,12.02
WEST POKOT,2006,3,16.29
WEST POKOT,2006,4,36.09
WEST POKOT,2006,5,57.87
WEST POKOT,2006,6,43.71
WEST POKOT,2006,7,28.58
WEST POKOT,2006,8,36.76
WEST POKOT,2006,9,49.38
WEST POKOT,2006,10,42.29
WEST POKOT,2006,11,40.04
WEST POKOT,2006,12,54.24
WEST POKOT,2007,1,79.98
WEST POKOT,2007,2,83.26
WEST POKOT,2007,3,74.25
WEST POKOT,2007,4,53.95
WEST POKOT,2007,5,53.02
WEST POKOT,2007,6,53
WEST POKOT,2007,7,68.09
WEST POKOT,2007,8,78.72
WEST POKOT,2007,9,79.91
WEST POKOT,2007,10,84.22
WEST POKOT,2007,11,77.18
WEST POKOT,2007,12,52.25
WEST POKOT,2008,1,35.01
WEST POKOT,2008,2,29.44
WEST POKOT,2008,3,24.11
WEST POKOT,2008,4,38
WEST POKOT,2008,5,48.94
WEST POKOT,2008,6,41.76
WEST POKOT,2008,7,38.2
WEST POKOT,2008,8,50.3
WEST POKOT,2008,9,55.7
WEST POKOT,2008,10,57.34
WEST POKOT,2008,11,68.09
WEST POKOT,2008,12,70.14
WEST POKOT,2009,1,52.89
WEST POKOT,2009,2,37.98
WEST POKOT,2009,3,28.99
WEST POKOT,2009,4,23.45
WEST POKOT,2009,5,29.43
WEST POKOT,2009,6,40.76
WEST POKOT,2009,7,35.05
WEST POKOT,2009,8,20.65
WEST POKOT,2009,9,13.66
WEST POKOT,2009,10,12.23
WEST POKOT,2009,11,21.74
WEST POKOT,2009,12,26.07
WEST POKOT,2010,1,38.6
WEST POKOT,2010,2,60.64
WEST POKOT,2010,3,82.1
WEST POKOT,2010,4,85.56
WEST POKOT,2010,5,77.07
WEST POKOT,2010,6,65.28
WEST POKOT,2010,7,54.69
WEST POKOT,2010,8,50.67
WEST POKOT,2010,9,54.4
WEST POKOT,2010,10,58.44
WEST POKOT,2010,11,52.96
WEST POKOT,2010,12,35.56
WEST POKOT,2011,1,23.21
WEST POKOT,2011,2,19.34
WEST POKOT,2011,3,15.83
WEST POKOT,2011,4,31.39
WEST POKOT,2011,5,43.44
WEST POKOT,2011,6,43.73
WEST POKOT,2011,7,45.14
WEST POKOT,2011,8,56.99
WEST POKOT,2011,9,66.54
WEST POKOT,2011,10,70.63
WEST POKOT,2011,11,73.36
WEST POKOT,2011,12,80.43
WEST POKOT,2012,1,80.96
WEST POKOT,2012,2,63.22
WEST POKOT,2012,3,44.86
WEST POKOT,2012,4,28.13
WEST POKOT,2012,5,42.73
WEST POKOT,2012,6,64.77
WEST POKOT,2012,7,74.42
WEST POKOT,2012,8,78.07
WEST POKOT,2012,9,81.61
WEST POKOT,2012,10,78.13
WEST POKOT,2012,11,77.38
WEST POKOT,2012,12,74.25
WEST POKOT,2013,1,69.93
WEST POKOT,2013,2,63.28
WEST POKOT,2013,3,55.23
WEST POKOT,2013,4,66.64
WEST POKOT,2013,5,87.69
WEST POKOT,2013,6,83
WEST POKOT,2013,7,66.75
WEST POKOT,2013,8,67.3
WEST POKOT,2013,9,69.85
WEST POKOT,2013,10,67.04
WEST POKOT,2013,11,65.29
WEST POKOT,2013,12,68.65
WEST POKOT,2014,1,71.07
WEST POKOT,2014,2,54.42
WEST POKOT,2014,3,41.14
WEST POKOT,2014,4,46.54
WEST POKOT,2014,5,42.2
WEST POKOT,2014,6,40.37
WEST POKOT,2014,7,36.15
WEST POKOT,2014,8,40.95
WEST POKOT,2014,9,48.52
WEST POKOT,2014,10,65.22
WEST POKOT,2014,11,80.4
WEST POKOT,2014,12,77.64
WEST POKOT,2015,1,66.26
WEST POKOT,2015,2,44.33
WEST POKOT,2015,3,24.68
WEST POKOT,2015,4,21.66
WEST POKOT,2015,5,48.89
WEST POKOT,2015,6,64.8
WEST POKOT,2015,7,66.27
WEST POKOT,2015,8,62.01
WEST POKOT,2015,9,47.55
WEST POKOT,2015,10,26.09
WEST POKOT,2015,11,33.33
WEST POKOT,2015,12,60.16
WEST POKOT,2016,1,78.41
WEST POKOT,2016,2,61.19
WEST POKOT,2016,3,46.48
WEST POKOT,2016,4,41.83
WEST POKOT,2016,5,59.58
WEST POKOT,2016,6,64.88
WEST POKOT,2016,7,57.75
WEST POKOT,2016,8,64.39
WEST POKOT,2016,9,59.6
WEST POKOT,2016,10,46.3
WEST POKOT,2016,11,33.56
WEST POKOT,2016,12,22.87
WEST POKOT,2017,1,14.2
WEST POKOT,2017,2,11.68
WEST POKOT,2017,3,15.57
WEST POKOT,2017,4,18.23
WEST POKOT,2017,5,25.02
WEST POKOT,2017,6,32.2
WEST POKOT,2017,7,37.01
WEST POKOT,2017,8,44.95
WEST POKOT,2017,9,52.75
WEST POKOT,2017,10,65.23
WEST POKOT,2017,11,72.84
WEST POKOT,2017,12,70.71
WEST POKOT,2018,1,49.44
WEST POKOT,2018,2,32.02
WEST POKOT,2018,3,28.06
TURKANA,2001,1,
TURKANA,2001,2,
TURKANA,2001,3,28.23
TURKANA,2001,4,29.79
TURKANA,2001,5,36.76
TURKANA,2001,6,28.25
TURKANA,2001,7,31.74
TURKANA,2001,8,25.7
TURKANA,2001,9,24.84
TURKANA,2001,10,21.99
TURKANA,2001,11,27.27
TURKANA,2001,12,31.53
TURKANA,2002,1,24.92
TURKANA,2002,2,17.18
TURKANA,2002,3,24.7
TURKANA,2002,4,31.72
TURKANA,2002,5,33.63
TURKANA,2002,6,47.97
TURKANA,2002,7,46.88
TURKANA,2002,8,35.98
TURKANA,2002,9,20.33
TURKANA,2002,10,16.39
TURKANA,2002,11,20.18
TURKANA,2002,12,21.53
TURKANA,2003,1,37.31
TURKANA,2003,2,46.86
TURKANA,2003,3,37.85
TURKANA,2003,4,23.52
TURKANA,2003,5,31.49
TURKANA,2003,6,50.36
TURKANA,2003,7,46.72
TURKANA,2003,8,34.83
TURKANA,2003,9,38.29
TURKANA,2003,10,39.22
TURKANA,2003,11,29.54
TURKANA,2003,12,16.46
TURKANA,2004,1,17.27
TURKANA,2004,2,27.06
TURKANA,2004,3,30.38
TURKANA,2004,4,20.52
TURKANA,2004,5,32.94
TURKANA,2004,6,32.55
TURKANA,2004,7,24.7
TURKANA,2004,8,17.66
TURKANA,2004,9,17.99
TURKANA,2004,10,20.96
TURKANA,2004,11,22.71
TURKANA,2004,12,35.01
TURKANA,2005,1,36.44
TURKANA,2005,2,29.23
TURKANA,2005,3,22.26
TURKANA,2005,4,22.69
TURKANA,2005,5,24.79
TURKANA,2005,6,42.88
TURKANA,2005,7,54.46
TURKANA,2005,8,43.94
TURKANA,2005,9,29.4
TURKANA,2005,10,31.81
TURKANA,2005,11,29.81
TURKANA,2005,12,19.19
TURKANA,2006,1,7.91
TURKANA,2006,2,8.3
TURKANA,2006,3,8.99
TURKANA,2006,4,17.08
TURKANA,2006,5,32.74
TURKANA,2006,6,25.45
TURKANA,2006,7,14.83
TURKANA,2006,8,18.11
TURKANA,2006,9,29.16
TURKANA,2006,10,25.52
TURKANA,2006,11,25.75
TURKANA,2006,12,39.48
TURKANA,2007,1,66.29
TURKANA,2007,2,67.1
TURKANA,2007,3,59.71
TURKANA,2007,4,45.65
TURKANA,2007,5,42.93
TURKANA,2007,6,37.01
TURKANA,2007,7,58.06
TURKANA,2007,8,75.3
TURKANA,2007,9,81.12
TURKANA,2007,10,78.26
TURKANA,2007,11,63.22
TURKANA,2007,12,36.39
TURKANA,2008,1,23.69
TURKANA,2008,2,24.2
TURKANA,2008,3,24.99
TURKANA,2008,4,29.26
TURKANA,2008,5,34.73
TURKANA,2008,6,24.87
TURKANA,2008,7,16.57
TURKANA,2008,8,19.07
TURKANA,2008,9,20.3
TURKANA,2008,10,24.49
TURKANA,2008,11,44.64
TURKANA,2008,12,52.34
TURKANA,2009,1,38.71
TURKANA,2009,2,27.46
TURKANA,2009,3,27.58
TURKANA,2009,4,23.18
TURKANA,2009,5,23.88
TURKANA,2009,6,25.61
TURKANA,2009,7,20.79
TURKANA,2009,8,12.03
TURKANA,2009,9,7.65
TURKANA,2009,10,8.03
TURKANA,2009,11,17.43
TURKANA,2009,12,19.17
TURKANA,2010,1,28.13
TURKANA,2010,2,45.98
TURKANA,2010,3,61.83
TURKANA,2010,4,71
TURKANA,2010,5,78.59
TURKANA,2010,6,70.98
TURKANA,2010,7,56.87
TURKANA,2010,8,45.28
TURKANA,2010,9,43.33
TURKANA,2010,10,39.44
TURKANA,2010,11,32.06
TURKANA,2010,12,20.8
TURKANA,2011,1,13.59
TURKANA,2011,2,14.18
TURKANA,2011,3,17.33
TURKANA,2011,4,21.69
TURKANA,2011,5,21.12
TURKANA,2011,6,19.22
TURKANA,2011,7,21.84
TURKANA,2011,8,28.2
TURKANA,2011,9,38.82
TURKANA,2011,10,50.02
TURKANA,2011,11,58.3
TURKANA,2011,12,71.05
TURKANA,2012,1,73.52
TURKANA,2012,2,54.5
TURKANA,2012,3,39.81
TURKANA,2012,4,30.16
TURKANA,2012,5,46.66
TURKANA,2012,6,64.22
TURKANA,2012,7,65.43
TURKANA,2012,8,66.25
TURKANA,2012,9,70.52
TURKANA,2012,10,66.19
TURKANA,2012,11,64.2
TURKANA,2012,12,50.57
TURKANA,2013,1,45.74
TURKANA,2013,2,44.12
TURKANA,2013,3,42.91
TURKANA,2013,4,48.12
TURKANA,2013,5,72.26
TURKANA,2013,6,73.38
TURKANA,2013,7,50.77
TURKANA,2013,8,46.2
TURKANA,2013,9,45.02
TURKANA,2013,10,42.14
TURKANA,2013,11,38.35
TURKANA,2013,12,39.64
TURKANA,2014,1,36.09
TURKANA,2014,2,29.91
TURKANA,2014,3,35.33
TURKANA,2014,4,47.95
TURKANA,2014,5,44.82
TURKANA,2014,6,30.12
TURKANA,2014,7,20.71
TURKANA,2014,8,22.49
TURKANA,2014,9,26.31
TURKANA,2014,10,50.39
TURKANA,2014,11,64.37
TURKANA,2014,12,56.58
TURKANA,2015,1,47.41
TURKANA,2015,2,37.05
TURKANA,2015,3,27.15
TURKANA,2015,4,27
TURKANA,2015,5,46.65
TURKANA,2015,6,47.56
TURKANA,2015,7,42.05
TURKANA,2015,8,32.57
TURKANA,2015,9,23.4
TURKANA,2015,10,17.8
TURKANA,2015,11,28.91
TURKANA,2015,12,46.33
TURKANA,2016,1,59.29
TURKANA,2016,2,44.83
TURKANA,2016,3,30.87
TURKANA,2016,4,32.78
TURKANA,2016,5,47.11
TURKANA,2016,6,51.97
TURKANA,2016,7,49.87
TURKANA,2016,8,51.66
TURKANA,2016,9,46.38
TURKANA,2016,10,33.67
TURKANA,2016,11,24.47
TURKANA,2016,12,18.22
TURKANA,2017,1,15.64
TURKANA,2017,2,16.95
TURKANA,2017,3,23.15
TURKANA,2017,4,20.93
TURKANA,2017,5,18.7
TURKANA,2017,6,18.49
TURKANA,2017,7,24.06
TURKANA,2017,8,35.06
TURKANA,2017,9,40.41
TURKANA,2017,10,51.33
TURKANA,2017,11,71.13
TURKANA,2017,12,69
TURKANA,2018,1,45.52
TURKANA,2018,2,31.96
TURKANA,2018,3,39.36
BARINGO,2001,1,
BARINGO,2001,2,
BARINGO,2001,3,35.62
BARINGO,2001,4,40.87
BARINGO,2001,5,47.56
BARINGO,2001,6,47.63
BARINGO,2001,7,49.21
BARINGO,2001,8,50.08
BARINGO,2001,9,56.93
BARINGO,2001,10,52.74
BARINGO,2001,11,50.63
BARINGO,2001,12,59.07
BARINGO,2002,1,48.02
BARINGO,2002,2,40.25
BARINGO,2002,3,36.46
BARINGO,2002,4,41.61
BARINGO,2002,5,40.95
BARINGO,2002,6,46.55
BARINGO,2002,7,48
BARINGO,2002,8,38.66
BARINGO,2002,9,25.93
BARINGO,2002,10,19.34
BARINGO,2002,11,14.97
BARINGO,2002,12,16.62
BARINGO,2003,1,36.02
BARINGO,2003,2,50.76
BARINGO,2003,3,37.76
BARINGO,2003,4,22.97
BARINGO,2003,5,31.24
BARINGO,2003,6,59.69
BARINGO,2003,7,70.77
BARINGO,2003,8,63.85
BARINGO,2003,9,65.53
BARINGO,2003,10,65.14
BARINGO,2003,11,48.58
BARINGO,2003,12,31.66
BARINGO,2004,1,33.31
BARINGO,2004,2,38.57
BARINGO,2004,3,33.69
BARINGO,2004,4,31.6
BARINGO,2004,5,59.83
BARINGO,2004,6,63.53
BARINGO,2004,7,53.04
BARINGO,2004,8,42.36
BARINGO,2004,9,45.44
BARINGO,2004,10,44.11
BARINGO,2004,11,35.07
BARINGO,2004,12,49.06
BARINGO,2005,1,47.55
BARINGO,2005,2,36.85
BARINGO,2005,3,28.55
BARINGO,2005,4,30.13
BARINGO,2005,5,36.22
BARINGO,2005,6,51.37
BARINGO,2005,7,62.4
BARINGO,2005,8,64.2
BARINGO,2005,9,60.23
BARINGO,2005,10,64.92
BARINGO,2005,11,53.41
BARINGO,2005,12,34.45
BARINGO,2006,1,13.78
BARINGO,2006,2,9.98
BARINGO,2006,3,9.78
BARINGO,2006,4,21.28
BARINGO,2006,5,43.27
BARINGO,2006,6,37.25
BARINGO,2006,7,27.25
BARINGO,2006,8,35.4
BARINGO,2006,9,49.67
BARINGO,2006,10,44.16
BARINGO,2006,11,37.24
BARINGO,2006,12,48.74
BARINGO,2007,1,75.27
BARINGO,2007,2,83.9
BARINGO,2007,3,79.47
BARINGO,2007,4,60.29
BARINGO,2007,5,57.87
BARINGO,2007,6,58.35
BARINGO,2007,7,72.93
BARINGO,2007,8,82.54
BARINGO,2007,9,83.57
BARINGO,2007,10,85.14
BARINGO,2007,11,77.24
BARINGO,2007,12,56.17
BARINGO,2008,1,40.14
BARINGO,2008,2,32.95
BARINGO,2008,3,27.25
BARINGO,2008,4,36.75
BARINGO,2008,5,46.64
BARINGO,2008,6,36.92
BARINGO,2008,7,26.14
BARINGO,2008,8,40.39
BARINGO,2008,9,57.37
BARINGO,2008,10,63.67
BARINGO,2008,11,69.76
BARINGO,2008,12,70.33
BARINGO,2009,1,52.74
BARINGO,2009,2,34.86
BARINGO,2009,3,20.29
BARINGO,2009,4,14.51
BARINGO,2009,5,14.12
BARINGO,2009,6,28.21
BARINGO,2009,7,27.65
BARINGO,2009,8,15.84
BARINGO,2009,9,8.32
BARINGO,2009,10,6.42
BARINGO,2009,11,13.81
BARINGO,2009,12,17.61
BARINGO,2010,1,31.93
BARINGO,2010,2,55.4
BARINGO,2010,3,79.16
BARINGO,2010,4,86.3
BARINGO,2010,5,86.96
BARINGO,2010,6,78.91
BARINGO,2010,7,70.3
BARINGO,2010,8,64.95
BARINGO,2010,9,66.01
BARINGO,2010,10,66.75
BARINGO,2010,11,59.09
BARINGO,2010,12,41.99
BARINGO,2011,1,27.04
BARINGO,2011,2,19.19
BARINGO,2011,3,16.12
BARINGO,2011,4,28.75
BARINGO,2011,5,37.65
BARINGO,2011,6,39.67
BARINGO,2011,7,45.53
BARINGO,2011,8,56.84
BARINGO,2011,9,70.36
BARINGO,2011,10,78.83
BARINGO,2011,11,82.13
BARINGO,2011,12,85.95
BARINGO,2012,1,85.64
BARINGO,2012,2,65.68
BARINGO,2012,3,43.97
BARINGO,2012,4,27.74
BARINGO,2012,5,47.64
BARINGO,2012,6,70.42
BARINGO,2012,7,79.67
BARINGO,2012,8,82.96
BARINGO,2012,9,86.53
BARINGO,2012,10,80.87
BARINGO,2012,11,78.67
BARINGO,2012,12,68.32
BARINGO,2013,1,66.63
BARINGO,2013,2,61.72
BARINGO,2013,3,50.92
BARINGO,2013,4,55.99
BARINGO,2013,5,77.56
BARINGO,2013,6,82.6
BARINGO,2013,7,69.65
BARINGO,2013,8,73.24
BARINGO,2013,9,78.53
BARINGO,2013,10,76.74
BARINGO,2013,11,70.32
BARINGO,2013,12,70.47
BARINGO,2014,1,72.35
BARINGO,2014,2,57.47
BARINGO,2014,3,45.42
BARINGO,2014,4,45.64
BARINGO,2014,5,35.94
BARINGO,2014,6,30.52
BARINGO,2014,7,30.5
BARINGO,2014,8,40.72
BARINGO,2014,9,56.46
BARINGO,2014,10,62.64
BARINGO,2014,11,72.15
BARINGO,2014,12,71.67
BARINGO,2015,1,63.45
BARINGO,2015,2,41.4
BARINGO,2015,3,21.62
BARINGO,2015,4,16.22
BARINGO,2015,5,39
BARINGO,2015,6,64.21
BARINGO,2015,7,66.21
BARINGO,2015,8,55.89
BARINGO,2015,9,43
BARINGO,2015,10,28.07
BARINGO,2015,11,30.75
BARINGO,2015,12,53.44
BARINGO,2016,1,79.03
BARINGO,2016,2,71.06
BARINGO,2016,3,51.75
BARINGO,2016,4,40.89
BARINGO,2016,5,55.84
BARINGO,2016,6,68.62
BARINGO,2016,7,69.09
BARINGO,2016,8,72.73
BARINGO,2016,9,67.28
BARINGO,2016,10,53.54
BARINGO,2016,11,39.16
BARINGO,2016,12,27.35
BARINGO,2017,1,17.75
BARINGO,2017,2,12.58
BARINGO,2017,3,10.82
BARINGO,2017,4,10.72
BARINGO,2017,5,18.02
BARINGO,2017,6,27.51
BARINGO,2017,7,35.02
BARINGO,2017,8,50.78
BARINGO,2017,9,66.72
BARINGO,2017,10,77.84
BARINGO,2017,11,80.96
BARINGO,2017,12,75.84
BARINGO,2018,1,52.39
BARINGO,2018,2,33.1
BARINGO,2018,3,27.31
Mandera,2001,1,
Mandera,2001,2,
Mandera,2001,3,22.45
Mandera,2001,4,22.22
Mandera,2001,5,34.92
Mandera,2001,6,33.72
Mandera,2001,7,38.42
Mandera,2001,8,33.47
Mandera,2001,9,39.6
Mandera,2001,10,36.53
Mandera,2001,11,33.05
Mandera,2001,12,33.4
Mandera,2002,1,28.02
Mandera,2002,2,19.01
Mandera,2002,3,21.52
Mandera,2002,4,22.42
Mandera,2002,5,33.67
Mandera,2002,6,57.42
Mandera,2002,7,59.16
Mandera,2002,8,56.32
Mandera,2002,9,52.57
Mandera,2002,10,42.52
Mandera,2002,11,50.34
Mandera,2002,12,44.52
Mandera,2003,1,34.48
Mandera,2003,2,23.46
Mandera,2003,3,16.21
Mandera,2003,4,12.52
Mandera,2003,5,34.02
Mandera,2003,6,64.27
Mandera,2003,7,67.23
Mandera,2003,8,62.32
Mandera,2003,9,53.71
Mandera,2003,10,40.53
Mandera,2003,11,23.33
Mandera,2003,12,28.18
Mandera,2004,1,37.98
Mandera,2004,2,34.97
Mandera,2004,3,20.67
Mandera,2004,4,16.11
Mandera,2004,5,34.84
Mandera,2004,6,36.35
Mandera,2004,7,39.47
Mandera,2004,8,37.81
Mandera,2004,9,30.46
Mandera,2004,10,24.68
Mandera,2004,11,45.58
Mandera,2004,12,62.37
Mandera,2005,1,47.9
Mandera,2005,2,36.83
Mandera,2005,3,28.41
Mandera,2005,4,23.73
Mandera,2005,5,35.74
Mandera,2005,6,45.23
Mandera,2005,7,53.21
Mandera,2005,8,45.86
Mandera,2005,9,41.86
Mandera,2005,10,32.64
Mandera,2005,11,19.42
Mandera,2005,12,10.92
Mandera,2006,1,6.69
Mandera,2006,2,9.14
Mandera,2006,3,5.85
Mandera,2006,4,13.1
Mandera,2006,5,39.67
Mandera,2006,6,44.46
Mandera,2006,7,31.34
Mandera,2006,8,35.23
Mandera,2006,9,42.32
Mandera,2006,10,33.43
Mandera,2006,11,49.28
Mandera,2006,12,71.78
Mandera,2007,1,85.89
Mandera,2007,2,85.04
Mandera,2007,3,71.09
Mandera,2007,4,47.75
Mandera,2007,5,55.13
Mandera,2007,6,61.71
Mandera,2007,7,67.06
Mandera,2007,8,73.84
Mandera,2007,9,76.44
Mandera,2007,10,63.65
Mandera,2007,11,57.16
Mandera,2007,12,45.78
Mandera,2008,1,28.78
Mandera,2008,2,22.59
Mandera,2008,3,15.25
Mandera,2008,4,11.77
Mandera,2008,5,43.1
Mandera,2008,6,49.82
Mandera,2008,7,45.12
Mandera,2008,8,39.97
Mandera,2008,9,43.98
Mandera,2008,10,37.23
Mandera,2008,11,47.99
Mandera,2008,12,37.05
Mandera,2009,1,23.42
Mandera,2009,2,17.64
Mandera,2009,3,16.67
Mandera,2009,4,16.89
Mandera,2009,5,23.79
Mandera,2009,6,25.62
Mandera,2009,7,28.73
Mandera,2009,8,17.37
Mandera,2009,9,18.2
Mandera,2009,10,16.84
Mandera,2009,11,42.4
Mandera,2009,12,39.44
Mandera,2010,1,28.29
Mandera,2010,2,14.8
Mandera,2010,3,31.17
Mandera,2010,4,61.56
Mandera,2010,5,81.7
Mandera,2010,6,57.42
Mandera,2010,7,43.59
Mandera,2010,8,46.82
Mandera,2010,9,57.29
Mandera,2010,10,57.79
Mandera,2010,11,37.68
Mandera,2010,12,16.46
Mandera,2011,1,9.08
Mandera,2011,2,8.94
Mandera,2011,3,6.54
Mandera,2011,4,5.51
Mandera,2011,5,9.45
Mandera,2011,6,12.97
Mandera,2011,7,15.38
Mandera,2011,8,26.56
Mandera,2011,9,27.41
Mandera,2011,10,30.34
Mandera,2011,11,52.7
Mandera,2011,12,73.15
Mandera,2012,1,76.33
Mandera,2012,2,69.63
Mandera,2012,3,59.31
Mandera,2012,4,38.23
Mandera,2012,5,41.89
Mandera,2012,6,43.5
Mandera,2012,7,33.1
Mandera,2012,8,50.47
Mandera,2012,9,60.59
Mandera,2012,10,50.83
Mandera,2012,11,55.31
Mandera,2012,12,50.07
Mandera,2013,1,33.73
Mandera,2013,2,24.44
Mandera,2013,3,16
Mandera,2013,4,52.52
Mandera,2013,5,87.06
Mandera,2013,6,78.94
Mandera,2013,7,56.54
Mandera,2013,8,64.75
Mandera,2013,9,71.05
Mandera,2013,10,56.5
Mandera,2013,11,45.76
Mandera,2013,12,45.35
Mandera,2014,1,38.35
Mandera,2014,2,31.33
Mandera,2014,3,23.83
Mandera,2014,4,30.93
Mandera,2014,5,37.02
Mandera,2014,6,31.6
Mandera,2014,7,30.79
Mandera,2014,8,30.25
Mandera,2014,9,37.23
Mandera,2014,10,32.26
Mandera,2014,11,37.83
Mandera,2014,12,41.42
Mandera,2015,1,29.04
Mandera,2015,2,20.64
Mandera,2015,3,9.85
Mandera,2015,4,15.39
Mandera,2015,5,37.25
Mandera,2015,6,38.38
Mandera,2015,7,35.45
Mandera,2015,8,36.65
Mandera,2015,9,33.57
Mandera,2015,10,28.31
Mandera,2015,11,46.51
Mandera,2015,12,47.21
Mandera,2016,1,36.31
Mandera,2016,2,18.8
Mandera,2016,3,14.13
Mandera,2016,4,16.26
Mandera,2016,5,47.72
Mandera,2016,6,58.67
Mandera,2016,7,50.57
Mandera,2016,8,61.16
Mandera,2016,9,62.13
Mandera,2016,10,47.82
Mandera,2016,11,25.16
Mandera,2016,12,15.94
Mandera,2017,1,20.8
Mandera,2017,2,19.8
Mandera,2017,3,14.33
Mandera,2017,4,11.72
Mandera,2017,5,32.7
Mandera,2017,6,40.91
Mandera,2017,7,48.05
Mandera,2017,8,47.39
Mandera,2017,9,48.58
Mandera,2017,10,32.99
Mandera,2017,11,32.35
Mandera,2017,12,27.69
Mandera,2018,1,20.06
Mandera,2018,2,12.25
Mandera,2018,3,20.49
Meru,2001,1,
Meru,2001,2,
Meru,2001,3,55.3
Meru,2001,4,48.26
Meru,2001,5,53.92
Meru,2001,6,60.56
Meru,2001,7,50.81
Meru,2001,8,38.73
Meru,2001,9,37.36
Meru,2001,10,33.88
Meru,2001,11,27.8
Meru,2001,12,39.84
Meru,2002,1,54.32
Meru,2002,2,55.59
Meru,2002,3,53.43
Meru,2002,4,50.58
Meru,2002,5,65.98
Meru,2002,6,74.04
Meru,2002,7,69
Meru,2002,8,70.29
Meru,2002,9,66.71
Meru,2002,10,60.57
Meru,2002,11,49.71
Meru,2002,12,59.69
Meru,2003,1,73.07
Meru,2003,2,71
Meru,2003,3,52.08
Meru,2003,4,42.95
Meru,2003,5,48.56
Meru,2003,6,71.35
Meru,2003,7,76.85
Meru,2003,8,72.82
Meru,2003,9,70.3
Meru,2003,10,65.52
Meru,2003,11,53.69
Meru,2003,12,56.78
Meru,2004,1,69.26
Meru,2004,2,76.42
Meru,2004,3,71.11
Meru,2004,4,59.99
Meru,2004,5,63.22
Meru,2004,6,56.92
Meru,2004,7,52.16
Meru,2004,8,46.11
Meru,2004,9,42.73
Meru,2004,10,40.65
Meru,2004,11,36.9
Meru,2004,12,53.5
Meru,2005,1,71.68
Meru,2005,2,58.12
Meru,2005,3,47.03
Meru,2005,4,43.57
Meru,2005,5,46
Meru,2005,6,57.49
Meru,2005,7,60.32
Meru,2005,8,55.64
Meru,2005,9,51.47
Meru,2005,10,43.26
Meru,2005,11,33.61
Meru,2005,12,33.57
Meru,2006,1,30.11
Meru,2006,2,28.08
Meru,2006,3,28.01
Meru,2006,4,32.17
Meru,2006,5,55.4
Meru,2006,6,53.73
Meru,2006,7,41.28
Meru,2006,8,42.05
Meru,2006,9,46.61
Meru,2006,10,48.11
Meru,2006,11,47.46
Meru,2006,12,60.75
Meru,2007,1,76.89
Meru,2007,2,77.95
Meru,2007,3,72.76
Meru,2007,4,58.74
Meru,2007,5,59.86
Meru,2007,6,58.36
Meru,2007,7,55.85
Meru,2007,8,54.25
Meru,2007,9,63
Meru,2007,10,65.72
Meru,2007,11,59.27
Meru,2007,12,58.85
Meru,2008,1,58.42
Meru,2008,2,60.85
Meru,2008,3,49.64
Meru,2008,4,48.5
Meru,2008,5,59.28
Meru,2008,6,54.9
Meru,2008,7,43.59
Meru,2008,8,41.01
Meru,2008,9,41.24
Meru,2008,10,40.96
Meru,2008,11,54.51
Meru,2008,12,55.05
Meru,2009,1,42.21
Meru,2009,2,37.9
Meru,2009,3,35.21
Meru,2009,4,32.27
Meru,2009,5,34.62
Meru,2009,6,36.47
Meru,2009,7,34.99
Meru,2009,8,27.46
Meru,2009,9,23.2
Meru,2009,10,18.55
Meru,2009,11,30.46
Meru,2009,12,43.13
Meru,2010,1,52.05
Meru,2010,2,53.17
Meru,2010,3,59.19
Meru,2010,4,71.56
Meru,2010,5,81.89
Meru,2010,6,63.29
Meru,2010,7,51.68
Meru,2010,8,48.75
Meru,2010,9,44.53
Meru,2010,10,44.22
Meru,2010,11,36.9
Meru,2010,12,37.49
Meru,2011,1,31.04
Meru,2011,2,22.27
Meru,2011,3,23.75
Meru,2011,4,25.9
Meru,2011,5,32.19
Meru,2011,6,32.55
Meru,2011,7,33.7
Meru,2011,8,30.85
Meru,2011,9,34.44
Meru,2011,10,42.23
Meru,2011,11,56.44
Meru,2011,12,67.96
Meru,2012,1,62.28
Meru,2012,2,42.13
Meru,2012,3,27.71
Meru,2012,4,22.22
Meru,2012,5,33.27
Meru,2012,6,38.72
Meru,2012,7,35.09
Meru,2012,8,39.75
Meru,2012,9,44.77
Meru,2012,10,42.16
Meru,2012,11,51.96
Meru,2012,12,64.84
Meru,2013,1,69.36
Meru,2013,2,64.03
Meru,2013,3,51.3
Meru,2013,4,49.46
Meru,2013,5,66.95
Meru,2013,6,64.06
Meru,2013,7,49.48
Meru,2013,8,51.38
Meru,2013,9,50.43
Meru,2013,10,47.52
Meru,2013,11,34.98
Meru,2013,12,37.9
Meru,2014,1,54.52
Meru,2014,2,47.08
Meru,2014,3,41.35
Meru,2014,4,54.2
Meru,2014,5,61.74
Meru,2014,6,46.25
Meru,2014,7,36.54
Meru,2014,8,32.55
Meru,2014,9,32.28
Meru,2014,10,49.6
Meru,2014,11,46.34
Meru,2014,12,43.11
Meru,2015,1,45.34
Meru,2015,2,32.28
Meru,2015,3,16.18
Meru,2015,4,24.61
Meru,2015,5,49.03
Meru,2015,6,53.53
Meru,2015,7,50.29
Meru,2015,8,43.39
Meru,2015,9,39.34
Meru,2015,10,33.96
Meru,2015,11,38.01
Meru,2015,12,48.1
Meru,2016,1,61.95
Meru,2016,2,62.89
Meru,2016,3,57.38
Meru,2016,4,52.34
Meru,2016,5,57.44
Meru,2016,6,59.61
Meru,2016,7,52.47
Meru,2016,8,54.66
Meru,2016,9,54.81
Meru,2016,10,48.85
Meru,2016,11,31.86
Meru,2016,12,27.07
Meru,2017,1,41.49
Meru,2017,2,36.34
Meru,2017,3,31.46
Meru,2017,4,27.01
Meru,2017,5,31.45
Meru,2017,6,38.33
Meru,2017,7,45.16
Meru,2017,8,43.16
Meru,2017,9,41.22
Meru,2017,10,38.84
Meru,2017,11,47.68
Meru,2017,12,54.38
Meru,2018,1,44.27
Meru,2018,2,28.4
Meru,2018,3,25.95
Wajir,2001,1,
Wajir,2001,2,
Wajir,2001,3,26.44
Wajir,2001,4,25.36
Wajir,2001,5,35.01
Wajir,2001,6,37.69
Wajir,2001,7,43.06
Wajir,2001,8,39.16
Wajir,2001,9,38.53
Wajir,2001,10,36.27
Wajir,2001,11,29.39
Wajir,2001,12,29.04
Wajir,2002,1,29.91
Wajir,2002,2,24.24
Wajir,2002,3,29.38
Wajir,2002,4,27.96
Wajir,2002,5,38.62
Wajir,2002,6,65.65
Wajir,2002,7,71.45
Wajir,2002,8,72.62
Wajir,2002,9,74.8
Wajir,2002,10,64.87
Wajir,2002,11,47.41
Wajir,2002,12,36.56
Wajir,2003,1,35.61
Wajir,2003,2,29.18
Wajir,2003,3,28.13
Wajir,2003,4,21.61
Wajir,2003,5,36.42
Wajir,2003,6,62.05
Wajir,2003,7,68.69
Wajir,2003,8,65.95
Wajir,2003,9,62.67
Wajir,2003,10,52.81
Wajir,2003,11,34.24
Wajir,2003,12,28.57
Wajir,2004,1,35.15
Wajir,2004,2,34.87
Wajir,2004,3,27.82
Wajir,2004,4,19.57
Wajir,2004,5,29.62
Wajir,2004,6,33.67
Wajir,2004,7,39.94
Wajir,2004,8,37.81
Wajir,2004,9,38.91
Wajir,2004,10,36.84
Wajir,2004,11,37.32
Wajir,2004,12,43.34
Wajir,2005,1,35.88
Wajir,2005,2,29.05
Wajir,2005,3,26.21
Wajir,2005,4,23.17
Wajir,2005,5,22.71
Wajir,2005,6,21.74
Wajir,2005,7,30.46
Wajir,2005,8,31.51
Wajir,2005,9,33.39
Wajir,2005,10,28.41
Wajir,2005,11,15.58
Wajir,2005,12,9.32
Wajir,2006,1,6.81
Wajir,2006,2,9.81
Wajir,2006,3,9.66
Wajir,2006,4,17.27
Wajir,2006,5,39.89
Wajir,2006,6,41.26
Wajir,2006,7,31.71
Wajir,2006,8,34.14
Wajir,2006,9,38.46
Wajir,2006,10,34.11
Wajir,2006,11,43.79
Wajir,2006,12,66.89
Wajir,2007,1,83.7
Wajir,2007,2,82.89
Wajir,2007,3,77.37
Wajir,2007,4,57.65
Wajir,2007,5,50.53
Wajir,2007,6,44.86
Wajir,2007,7,50.32
Wajir,2007,8,61.01
Wajir,2007,9,69.96
Wajir,2007,10,66.83
Wajir,2007,11,51.86
Wajir,2007,12,39.35
Wajir,2008,1,28.61
Wajir,2008,2,25.53
Wajir,2008,3,21.76
Wajir,2008,4,20.12
Wajir,2008,5,48.69
Wajir,2008,6,60.44
Wajir,2008,7,54.69
Wajir,2008,8,48.86
Wajir,2008,9,52.07
Wajir,2008,10,46.68
Wajir,2008,11,38.16
Wajir,2008,12,31.2
Wajir,2009,1,24.3
Wajir,2009,2,20.08
Wajir,2009,3,19.05
Wajir,2009,4,17.98
Wajir,2009,5,22.53
Wajir,2009,6,23.09
Wajir,2009,7,26.87
Wajir,2009,8,20.81
Wajir,2009,9,21.89
Wajir,2009,10,21.34
Wajir,2009,11,38.07
Wajir,2009,12,38.3
Wajir,2010,1,31.59
Wajir,2010,2,21.03
Wajir,2010,3,31.45
Wajir,2010,4,55.32
Wajir,2010,5,70.44
Wajir,2010,6,46.3
Wajir,2010,7,32.55
Wajir,2010,8,37.12
Wajir,2010,9,45.78
Wajir,2010,10,45.9
Wajir,2010,11,23.99
Wajir,2010,12,9.48
Wajir,2011,1,5.43
Wajir,2011,2,6.72
Wajir,2011,3,7.24
Wajir,2011,4,6.72
Wajir,2011,5,9.42
Wajir,2011,6,9.68
Wajir,2011,7,11.33
Wajir,2011,8,19.68
Wajir,2011,9,24.94
Wajir,2011,10,32.87
Wajir,2011,11,53.98
Wajir,2011,12,72.97
Wajir,2012,1,70.67
Wajir,2012,2,60.9
Wajir,2012,3,55.83
Wajir,2012,4,40.99
Wajir,2012,5,36.1
Wajir,2012,6,29.47
Wajir,2012,7,26.82
Wajir,2012,8,41.63
Wajir,2012,9,48.49
Wajir,2012,10,39.46
Wajir,2012,11,37.25
Wajir,2012,12,28.81
Wajir,2013,1,20.19
Wajir,2013,2,12.7
Wajir,2013,3,8.08
Wajir,2013,4,41.28
Wajir,2013,5,79.86
Wajir,2013,6,77.31
Wajir,2013,7,60.6
Wajir,2013,8,63.5
Wajir,2013,9,68.83
Wajir,2013,10,57.7
Wajir,2013,11,34.27
Wajir,2013,12,24.27
Wajir,2014,1,20.86
Wajir,2014,2,15.72
Wajir,2014,3,16.68
Wajir,2014,4,29.6
Wajir,2014,5,38.98
Wajir,2014,6,31.7
Wajir,2014,7,26.7
Wajir,2014,8,23.56
Wajir,2014,9,32.82
Wajir,2014,10,27.83
Wajir,2014,11,19.28
Wajir,2014,12,20.64
Wajir,2015,1,16.41
Wajir,2015,2,12.18
Wajir,2015,3,5.65
Wajir,2015,4,19.38
Wajir,2015,5,46.41
Wajir,2015,6,43.79
Wajir,2015,7,36.88
Wajir,2015,8,33.46
Wajir,2015,9,36.05
Wajir,2015,10,29.5
Wajir,2015,11,25.89
Wajir,2015,12,26.78
Wajir,2016,1,28.3
Wajir,2016,2,19.18
Wajir,2016,3,15.55
Wajir,2016,4,13.22
Wajir,2016,5,35.55
Wajir,2016,6,46.61
Wajir,2016,7,43.38
Wajir,2016,8,49.55
Wajir,2016,9,50.87
Wajir,2016,10,41.32
Wajir,2016,11,19.08
Wajir,2016,12,12.53
Wajir,2017,1,16.41
Wajir,2017,2,14.32
Wajir,2017,3,11.89
Wajir,2017,4,9.63
Wajir,2017,5,21
Wajir,2017,6,24
Wajir,2017,7,29.39
Wajir,2017,8,30.06
Wajir,2017,9,31.18
Wajir,2017,10,24.63
Wajir,2017,11,23.18
Wajir,2017,12,23.17
Wajir,2018,1,19.05
Wajir,2018,2,11.89
Wajir,2018,3,20.69
